company_name,country,careers_url,platform_hint
1mg (Tata Digital),India,https://www.1mg.com/careers,Workday
99acres,India,https://www.99acres.com/careers,Workday
Accenture India,India,https://www.accenture.com/in-en/careers,Own Portal
Acko Insurance,India,https://acko.com/careers,Custom
Activision Blizzard,USA,https://careers.activisionblizzard.com,Workday
Adobe,USA,https://adobe.wd5.myworkdayjobs.com,Workday
Aerospike,USA,https://www.aerospike.com/careers,Greenhouse
Agoda,Singapore,https://careers.agoda.com,Workday
Airbnb,USA,https://www.airbnb.com/careers,Custom
Altran (Capgemini Engineering),France,https://www.capgemini-engineering.com/careers,Workday
Amazon,USA,https://www.amazon.jobs/en/locations/india,Custom
Apna,India,https://www.apna.co/careers,Own Portal
Apple,USA,https://www.apple.com/careers,Custom
Arista Networks,USA,https://www.arista.com/en/careers,Greenhouse
ARM,UK,https://careers.arm.com,Own Portal
Ather Energy,India,https://www.atherenergy.com/careers,Own Portal
Atlassian,Australia,https://www.atlassian.com/careers,Own Portal
Atos,France/India,https://atos.net/en/careers,Workday
Automattic,Remote,https://www.automattic.com/careers,Own Portal
Bain & Company Tech,Global,https://www.bain.com/careers,Own Portal
BCG Digital Ventures,Global,https://www.bcgdv.com/careers,Own Portal
BeatO,India,https://www.beatoapp.com/careers,Workday
BigBasket,India,https://www.bigbasket.com/careers,Workday
Biosense,India,https://www.biosense.in/careers,Workday
BlackBuck,India,https://www.blackbuck.com/careers,Own Portal
Blinkit,India,https://blinkit.com/careers,Workday
Boat,India,https://www.boat-lifestyle.com/careers,Own Portal
Booking.com,Netherlands,https://www.booking.com/careers,Custom
Bosch,Germany/India,https://www.bosch.in/careers/,Own Portal
Bounce,India,https://www.bounce.in/careers,Own Portal
Bounce Infinity,India,https://www.bounceinfinity.com/careers,Workday
Broadcom,USA,https://www.broadcom.com/company/careers,Own Portal
BrowserStack,India,https://www.browserstack.com/careers,Workday
Byju’s,India,https://byjus.com/careers,Custom
Capgemini,India,https://www.capgemini.com/careers,Own Portal
CarDekho,India,https://careers.cardekho.com/,Custom
Cars24,India,https://www.cars24.com/careers,Own Portal
CGI,Canada/India,https://www.cgi.com/en/careers,Workday
Check Point Software,Israel,https://www.checkpoint.com/careers,Custom
Cisco,USA,https://jobs.cisco.com,Own Portal
Classplus,India,https://classplusapp.com/careers,Workday
ClearTax,India,https://cleartax.in/,Custom
Cleartrip,India,https://www.cleartrip.com/careers,Own Portal
CleverTap,India,https://www.clevertap.com/careers,Own Portal
Cloudera,USA,https://www.cloudera.com/careers,Workday
Coding Ninjas,India,https://www.codingninjas.com/careers,Own Portal
Cognizant,India,https://careers.cognizant.com,Own Portal
Coinbase,USA,https://www.coinbase.com/careers,Greenhouse
Confluent,USA,https://www.confluent.io/careers,Greenhouse
Continental AG,Germany,https://www.continental.com/careers,Custom
Couchbase,USA,https://www.couchbase.com/careers,Greenhouse
CRED,India,https://www.cred.club/careers,Own Portal
CureBay,India,https://www.curebay.com/careers,Workday
CureFit,India,https://www.cult.fit/careers,Custom
CureSkin,India,https://www.cureskin.com/careers,Own Portal
DailyHunt,India,https://www.dailyhunt.com/careers,Own Portal
Darwinbox,India,https://darwinbox.com/careers,Workday
Databricks,USA,https://www.databricks.com/careers,Greenhouse
Datastax,USA,https://www.datastax.com/careers,Greenhouse
Delhivery,India,https://www.delhivery.com/careers,Custom
Dell Technologies,USA,https://jobs.dell.com,Own Portal
Deloitte Digital,Global,https://www2.deloitte.com/global/en/careers,Workday
Digit Insurance,India,https://www.godigit.com/careers,Own Portal
Dozee,India,https://www.dozee.health/careers,Workday
Dream11,India,https://www.dreamsports.group/careers,Greenhouse
Droom,India,https://droom.in/careers,Workday
Dropbox,USA,https://www.dropbox.com/careers,Greenhouse
Dun & Bradstreet,India,https://www.dnb.com/careers,Workday
DXC Technology,India/USA,https://dxc.com/us/en/careers,Own Portal
EasyMyTrip,India,https://www.easemytrip.com/careers,Own Portal
Elastic,USA/Global,https://www.elastic.co/about/careers,Greenhouse
Electronic Arts (EA),USA,https://www.ea.com/careers,Workday
Endava,UK,https://careers.endava.com,Workday
EPAM Systems,USA/India,https://careers.epam-corp.com,Greenhouse
Epic Games,USA,https://www.epicgames.com/site/en-US/careers,Workday
Ericsson,Sweden,https://www.ericsson.com/en/careers,Own Portal
Eruditus,India,https://eruditus.com/careers,Workday
EXL Service,India,https://www.exlservice.com/careers,Workday
Expedia India,India,https://lifeatexpedia.com,Workday
EY Technology,Global,https://www.ey.com/en_gl/careers,Workday
FarEye,India,https://fareye.com/careers,Workday
Fi Money,India,https://fi.money/careers,Workday
Fire-Boltt,India,https://www.fireboltt.com/careers,Own Portal
Flipkart,India,https://www.flipkartcareers.com,Workday
Fortinet,USA,https://www.fortinet.com/careers,Custom
Forus Health,India,https://www.forushealth.com/careers,Workday
Fractal Analytics,India,https://www.fractal.ai/careers,Own Portal
Freshworks,India,https://www.freshworks.com/careers,Own Portal
Fujitsu,Japan,https://www.fujitsu.com/global/about/careers,Workday
Furlenco,India,https://www.furlenco.com/careers,Workday
Gartner,USA/India,https://jobs.gartner.com,Workday
GE Digital,USA,https://jobs.gecareers.com,Workday
Genpact,India,https://www.genpact.com/careers,Workday
GitHub,USA,https://github.com/about/careers,Greenhouse
GitLab,Remote,https://about.gitlab.com/jobs,Greenhouse
Globant,Argentina/Global,https://www.globant.com/careers,Greenhouse
Goibibo,India,https://www.goibibo.com/careers,Own Portal
Google,USA,https://www.pay.google.com/careers,Custom
Groww,India,https://www.groww.in/careers,Custom
Happiest Minds,India,https://www.happiestminds.com/careers,Custom
Hasura,India,https://www.hasura.io/careers,Greenhouse
HCLTech,India,https://www.hcltech.com/careers,Own Portal
HealthifyMe,India,https://www.healthifyme.com/careers,Own Portal
HealthPlix,India,https://www.healthplix.com/careers,Workday
Hitachi Vantara,Japan,https://www.hitachi.com/careers,Workday
Honeywell,USA/India,https://careers.honeywell.com,Own Portal
Housing.com,India,https://housing.com/careers,Workday
HP Inc.,USA,https://jobs.hp.com,Own Portal
HPE,USA,https://careers.hpe.com,Workday
Huawei,China,https://www.huawei.com/careers,Own Portal
IBM,USA,https://www.ibm.com/careers,Own Portal
Incedo,India/USA,https://www.incedoinc.com/careers,Workday
INDmoney,India,https://www.indmoney.com/careers,Own Portal
Infosys,India,https://www.infosys.com/careers/,Own Portal
Infra.Market,India,https://www.infra.market/careers,Workday
InMobi,India,https://www.inmobi.com/careers,Greenhouse
Innovaccer,India/USA,https://www.innovaccer.com/careers,Greenhouse
Intel,USA,https://jobs.intel.com,Own Portal
Intuit,USA,https://www.quickbooks.intuit.com/careers,Workday
Ixigo,India,https://www.ixigo.com/careers,Own Portal
Jabong,India,https://www.jabong.com/careers,Workday
Juniper Networks,USA,https://careers.juniper.net,Own Portal
Jupiter Money,India,https://www.jupiter.money/careers,Own Portal
Kayak,USA,https://www.kayak.com/careers,Workday
Khatabook,India,https://www.khatabook.com/careers,Own Portal
Koo App,India,https://www.kooapp.com/careers,Workday
KPMG Technology,Global,https://home.kpmg/xx/en/home/careers.html,Workday
Kutumb,India,https://kutumb.app/careers,Workday
LambdaTest,India,https://www.lambdatest.com/careers,Greenhouse
LG CNS,South Korea,https://www.lgcns.com/careers,Own Portal
LinkedIn,USA,https://careers.linkedin.com,Workday
Livspace,India,https://www.livspace.com/careers,Own Portal
Locus.sh,India,https://locus.sh/careers,Greenhouse
LTIMindtree,India,https://careers.ltimindtree.com,Own Portal
Luxoft,Switzerland,https://career.luxoft.com,Workday
Lyft,USA,https://www.lyft.com/careers,Greenhouse
MagicBricks,India,https://www.magicbricks.com/careers,Workday
Mahindra Comviva,India,https://www.mahindracomviva.com/careers,Own Portal
Mahindra Electric,India,https://www.mahindraelectric.com/careers,Own Portal
MakeMyTrip,India,https://careers.makemytrip.com,Workday
Mamaearth,India,https://mamaearth.in/careers,Workday
Mastek,India,https://www.mastek.com/careers,Custom
McKinsey Digital,Global,https://www.mckinsey.com/careers,Own Portal
MedCords,India,https://www.medcords.com/careers,Workday
MedGenome,India,https://www.medgenome.com/careers,Workday
Medibuddy,India,https://www.medibuddy.in/careers,Workday
Meesho,India,https://careers.meesho.com,Workday
Meta,USA,https://www.metacareers.com,Workday
MFine,India,https://www.mfine.co/careers,Own Portal
Micron Technology,USA,https://careers.micron.com,Own Portal
Microsoft,USA,https://www.microsoft.com/careers,Own Portal
MindTickle,India/USA,https://www.mindtickle.com/careers,Greenhouse
MoEngage,India,https://www.moengage.com/careers,Greenhouse
MongoDB,USA,https://www.mongodb.com/careers,Greenhouse
Mphasis,India,https://www.mphasis.com/home/careers.html,Own Portal
MPL,India,https://mplgaming.com/careers,Greenhouse
Mu Sigma,India,https://www.mu-sigma.com/careers,Own Portal
Myntra,India,https://careers.myntra.com,Workday
Navi,India,https://www.navi.com/careers,Own Portal
Nazara Technologies,India,https://www.nazara.com/careers,Own Portal
NEC Corporation,Japan,https://www.nec.com/en/global/careers,Workday
Netflix,USA,https://jobs.netflix.com,Workday
Niantic,USA,https://nianticlabs.com/jobs,Greenhouse
NielsenIQ,India,https://nielseniq.com/global/en/careers,Workday
Niki.ai,India,https://niki.ai/careers,Own Portal
Niramai,India,https://www.niramai.com/careers,Workday
NoBroker,India,https://www.nobroker.in/careers,Workday
Noise,India,https://www.gonoise.com/careers,Own Portal
Nokia,Finland,https://www.nokia.com/about-us/careers/,Own Portal
NTT Data,Japan/India,https://careers.nttdata.com,Workday
NVIDIA,USA,https://www.nvidia.com/en-us/about-nvidia/careers/,Own Portal
Nykaa,India,https://www.nykaa.com/careers,Own Portal
OfBusiness,India,https://www.ofbusiness.com/careers,Workday
OkCredit,India,https://okcredit.in/careers,Workday
Okta,USA,https://www.okta.com/careers,Greenhouse
Ola,India,https://www.olacabs.com/careers,Own Portal
Ola Electric,India,https://www.olaelectric.com/careers,Own Portal
Onsurity,India,https://www.onsurity.com/careers,Own Portal
Open Financial,India,https://open.money/careers,Workday
Oracle,USA,https://www.oracle.com/careers,Workday
Oxyzo,India,https://www.oxyzo.in/careers,Workday
OYO Rooms,India,https://www.oyorooms.com/careers,Own Portal
Palantir,USA,https://www.palantir.com/careers,Greenhouse
Palo Alto Networks,USA,https://www.paloaltonetworks.com/careers,Custom
Panasonic,Japan,https://www.panasonic.com/careers,Own Portal
PayPal,USA,https://www.paypal.com/careers,Workday
Paytm,India,https://www.paytm.com/careers,Custom
PayU,India,https://corporate.payu.com/careers,Workday
Pepperfry,India,https://www.pepperfry.com/careers,Own Portal
Phable,India,https://www.phablecare.com/careers,Workday
Pharmarack,India,https://www.pharmarack.com/careers,Workday
PharmEasy,India,https://pharmeasy.in/careers,Own Portal
Philips,Netherlands,https://www.careers.philips.com,Own Portal
PhonePe,India,https://www.phonepe.com/careers,Custom
Pinterest,USA,https://www.pinterestcareers.com,Greenhouse
Plaid,USA,https://plaid.com/careers,Greenhouse
Plum Insurance,India,https://www.plumhq.com/careers,Own Portal
PolicyBazaar,India,https://www.policybazaar.com/careers,Own Portal
Porter,India,https://porter.in/careers,Own Portal
Postman,India/USA,https://www.postman.com/careers,Greenhouse
Practo,India,https://www.practo.com/careers,Own Portal
Pristyn Care,India,https://www.pristyncare.com/careers,Own Portal
Purplle,India,https://www.purplle.com/careers,Workday
PwC Digital,Global,https://www.pwc.com/careers,Workday
Qualcomm,USA/India,https://www.qualcomm.com/company/careers,Own Portal
Quikr,India,https://www.quikr.com/careers,Workday
Qure.ai,India,https://qure.ai/careers,Workday
Ramco Systems,India,https://www.ramco.com/careers,Custom
Rapido,India,https://rapido.bike/careers,Workday
Razorpay,India,https://www.razorpay.com/careers,Own Portal
RazorThink,India/USA,https://www.razorthink.com/careers,Own Portal
RedBus,India,https://www.redbus.in/careers,Own Portal
Redis Labs,USA,https://redis.com/company/careers,Greenhouse
Relevel,India,https://relevel.com/careers,Workday
Remidio,India,https://www.remidio.com/careers,Workday
ReNew Power,India,https://renewpower.in/careers,Workday
Rentomojo,India,https://www.rentomojo.com/careers,Workday
Revolut,UK,https://www.revolut.com/careers,Greenhouse
Robinhood,USA,https://careers.robinhood.com,Greenhouse
Roblox,USA,https://corp.roblox.com/careers,Greenhouse
Rockstar Games,USA/UK,https://www.rockstargames.com/careers,Own Portal
Salesforce,USA,https://www.salesforce.com/careers,Workday
Samsung R&D,South Korea,https://www.samsung.com/careers,Custom
SAP,Germany,https://jobs.sap.com,Own Portal
Scaler,India,https://www.scaler.com/careers,Own Portal
Seagate Technology,USA,https://jobs.seagate.com,Workday
Segment (Twilio),USA,https://www.segment.com/careers,Greenhouse
ServiceNow,USA,https://careers.servicenow.com,SmartRecruiters
Shadowfax,India,https://shadowfax.in/careers,Workday
ShareChat,India,https://www.sharechat.com/careers,Own Portal
ShopClues,India,https://www.shopclues.com/careers,Workday
Shopify,Canada,https://www.shopify.com/careers,Lever
Siemens,Germany,https://jobs.siemens.com,Own Portal
Siemens Healthineers,Germany,https://www.siemens-healthineers.com/en-in/careers,Own Portal
SigTuple,India,https://www.sigtuple.com/careers,Workday
Simplilearn,India,https://www.simplilearn.com/careers,Own Portal
Skyscanner,UK,https://www.skyscanner.net/jobs,Greenhouse
Slack,USA,https://slack.com/careers,Greenhouse
Slice,India,https://www.sliceit.com/careers,Own Portal
Smallcase,India,https://www.smallcase.com/careers,Own Portal
Snapdeal,India,https://www.snapdeal.com/careers,Workday
Snowflake,USA,https://careers.snowflake.com,Workday
Snowplow Analytics,UK,https://snowplow.io/careers,Greenhouse
Sopra Steria,France,https://www.soprasteria.com/en/careers,Workday
SoundCloud,Germany,https://soundcloud.com/jobs,Greenhouse
SpaceX,USA,https://www.spacex.com/careers,Greenhouse
Spinny,India,https://www.spinny.com/careers,Own Portal
Splunk,USA,https://www.splunk.com/careers,Workday
Spotify,Sweden,https://www.spotifyjobs.com,Greenhouse
Square (Block Inc.),USA,https://www.block.xyz/careers,Greenhouse
Square Enix,Japan,https://www.square-enix.com/careers,Own Portal
Square Yards,India,https://www.squareyards.com/careers,Own Portal
Stripe,USA,https://www.stripe.com/careers,Greenhouse
Subex,India,https://www.subex.com/careers,Own Portal
Sutherland,India,https://www.sutherlandglobal.com/careers,Own Portal
Swasth Digital Health,India,https://swasth.org/careers,Workday
Swiggy,India,https://www.swiggy.com/careers,Own Portal
Tata Digital,India,https://www.tatadigital.com/careers,Own Portal
Tata Elxsi,India,https://www.tataelxsi.com/careers,Own Portal
TCS,India,https://www.tcs.com/careers,Own Portal
Teachmint,India,https://teachmint.com/careers,Workday
Tech Mahindra,India,https://careers.techmahindra.com,Own Portal
Tesla,USA,https://www.tesla.com/careers,Workday
Texas Instruments,USA,https://careers.ti.com,Own Portal
ThoughtSpot,USA/India,https://www.thoughtspot.com/careers,Greenhouse
ThoughtWorks,India/Global,https://www.thoughtworks.com/careers,Greenhouse
Tiger Analytics,India,https://www.tigeranalytics.com/careers,Greenhouse
Tracxn,India,https://tracxn.com/careers,Workday
Tricog,India,https://www.tricog.com/careers,Workday
TripAdvisor,USA,https://www.tripadvisor.com/careers,Custom
Trivago,Germany,https://company.trivago.com/careers,Greenhouse
Turtlemint,India,https://www.turtlemint.com/careers,Own Portal
Twitter (X),USA,https://careers.twitter.com,Greenhouse
Uber,USA/India,https://www.uber.com/careers,Own Portal
Ubisoft,France,https://www.ubisoft.com/careers,Own Portal
Udaan,India,https://careers.udaan.com,Workday
Unacademy,India,https://unacademy.com/careers,Greenhouse
Uni Cards,India,https://www.uni.cards/careers,Workday
Unity Technologies,USA,https://unity.com/careers,Workday
UpGrad,India,https://www.upgrad.com/careers,Own Portal
Upstox,India,https://www.upstox.com/careers,Custom
Urban Company,India,https://www.urbancompany.com/careers,Workday
Valeo,France,https://www.valeo.com/en/careers/,Own Portal
Valve Corporation,USA,https://www.valvesoftware.com/jobs,Own Portal
Vedantu,India,https://www.vedantu.com/careers,Own Portal
VMware,USA,https://careers.vmware.com,Workday
Vogo,India,https://www.vogo.in/careers,Own Portal
Western Digital,USA,https://jobs.westerndigital.com,Workday
Wingify,India,https://www.engage.wingify.com/careers,Own Portal
Wipro,India,https://www.wipro.com/careers,Custom
Wise (TransferWise),UK,https://www.wise.jobs,Lever
WNS Global Services,India,https://www.wns.com/careers,Workday
Workday,USA,https://workday.wd5.myworkdayjobs.com,Workday
Yatra,India,https://www.yatra.com/careers,Custom
Yulu,India,https://www.yulu.bike/careers,Own Portal
Zapier,Remote,https://zapier.com/jobs,Lever
Zensar Technologies,India,https://www.zensar.com/careers,Custom
Zepto,India,https://www.zepto.com/careers,Workday
Zerodha,India,https://www.zerodha.com/careers,Custom
Zetwerk,India,https://www.zetwerk.com/careers,Workday
Zoho,India,https://www.zohocorp.com/careers,Own Portal
Zomato,India,https://www.zomato.com/careers,Custom
Zoomcar,India,https://www.zoomcar.com/careers,Custom
Zynga,USA/India,https://www.zynga.com/careers,Workday
Persistent Systems,India,https://www.persistent.com/careers,Own Portal
Coforge,India,https://www.coforge.com/careers,Own Portal
Cyient,India,https://www.cyient.com/careers,Own Portal
Birlasoft,India,https://www.birlasoft.com/careers,Own Portal
Sonata Software,India,https://www.sonata-software.com/careers,Own Portal
Hexaware Technologies,India,https://hexaware.com/careers,Own Portal
KPIT Technologies,India,https://www.kpit.com/careers,Custom
Newgen Software,India,https://www.newgensoft.com/careers,Custom
Intellect Design Arena,India,https://www.intellectdesign.com/careers,Custom
Tata Communications,India,https://www.tatacommunications.com/careers/,Own Portal
Route Mobile,India,https://www.routemobile.com/careers,Own Portal
Tanla Platforms,India,https://www.tanla.com/careers,Own Portal
Zaggle,India,https://www.zaggle.in/careers,Own Portal
Nucleus Software,India,https://www.nucleussoftware.com/careers,Own Portal
Datamatics,India,https://www.datamatics.com/,Custom
L&T Technology Services,India,https://www.ltts.com/careers,Own Portal
Quess Corp,India,https://www.quesscorp.com/careers,Own Portal
3i Infotech,India,https://www.3i-infotech.com/careers,Custom
Firstsource,India,https://www.firstsource.com/careers,Workday
Hinduja Global Solutions,India,https://www.teamhgs.com/careers,Own Portal
RateGain,India,https://www.rategain.com/careers,Own Portal
LatentView Analytics,India,https://www.latentview.com/careers,Own Portal
Affle,India,https://www.affle.com/careers,Own Portal
Info Edge,India,https://www.infoedge.in/careers,Own Portal
Just Dial,India,https://www.justdial.com/careers,Own Portal
IndiaMART,India,https://www.indiamart.com/careers,Own Portal
Sasken Technologies,India,https://www.sasken.com/careers/,Own Portal
Saksoft,India,https://www.saksoft.com/careers,Own Portal
Kellton Tech,India,https://www.kellton.com/careers,Own Portal
Cigniti Technologies,India,https://www.cigniti.com/careers,Own Portal
Mastech Digital,USA,https://www.mastechdigital.com/careers,Own Portal
R Systems,India,https://www.rsystems.com/careers,Workday
Ksolves,India,https://www.ksolves.com/careers,Own Portal
Rolta India,India,https://www.rolta.com/careers,Own Portal
Majesco,USA,https://www.majesco.com/careers,Own Portal
Virtusa,USA,https://www.virtusa.com/careers,Workday
Hexagon,Sweden,https://www.hexagon.com/careers,Workday
Bahwan CyberTek,India,https://www.bahwancybertek.com/careers,Own Portal
Ness Digital Engineering,USA,https://www.ness.com/careers,Own Portal
Nagarro,Germany,https://www.nagarro.com/careers,Own Portal
Xoriant,India,https://www.xoriant.com/careers,Own Portal
Synechron,USA,https://www.synechron.com/careers,Own Portal
Sapient,USA,https://www.publicissapient.com/careers,Workday
GlobalLogic,USA,https://www.globallogic.com/careers,Workday
Damco Solutions,India,https://www.damcogroup.com/careers,Own Portal
Ampcus,USA,https://www.ampcus.com/careers,Own Portal
Infogain,USA,https://www.infogain.com/careers,Workday
Sigmoid,India,https://www.sigmoid.com/careers,Own Portal
Course5 Intelligence,India,https://www.course5i.com/careers,Own Portal
Netweb Technologies,India,https://www.netwebindia.com/careers,Own Portal
Blue Star InfoTech,India,https://www.bsil.com/careers,Own Portal
Aditya Birla Capital Tech,India,https://www.adityabirlacapital.com/careers,Workday
Anand Rathi Tech,India,https://www.rathi.com/careers,Custom
Bajaj Finserv Tech,India,https://www.bajajfinserv.in/careers,Custom
Bajaj Finserv Health,India,https://www.bajajfinservhealth.in/careers,Own Portal
HDFC Tech,India,https://www.hdfcbank.com/careers,Own Portal
ICICI Technology,India,https://www.icicicareers.com/careers,Own Portal
Kotak Tech,India,https://www.kotak.com/careers,Own Portal
Axis Bank Tech,India,https://www.axisbank.com/careers,Workday
SBI Digital,India,https://www.sbi.co.in/careers,Own Portal
Yes Bank Tech,India,https://www.yesbank.in/careers,Workday
IDFC First Bank Tech,India,https://www.idfcfirstbank.com/careers,Own Portal
Aditya Birla Tech,India,https://www.adityabirla.com/careers,Own Portal
Reliance Jio,India,https://careers.jio.com,Own Portal
Airtel Digital,India,https://www.airtel.in/careers,Own Portal
Vodafone Idea,India,https://careers.vodafoneidea.com,Own Portal
BSNL Tech,India,https://www.bsnl.co.in/opencms/bsnl/BSNL/about_us/careers/,Own Portal
Tata Technologies,India,https://www.tatatechnologies.com/en-in/careers/,Own Portal
Tata AIA Tech,India,https://www.tataaia.com/careers,Own Portal
Tata Power Digital,India,https://www.tatapower.com/careers,Own Portal
Tata Neu,India,https://www.tataneu.com/careers,Own Portal
Tata Play,India,https://www.tataplay.com/careers,Own Portal
Tata Motors Digital,India,https://www.tatamotors.com/careers/,Own Portal
Mahindra Group Tech,India,https://careers.mahindra.com,Own Portal
Mahindra Finance Tech,India,https://www.mahindrafinance.com/careers,Custom
Godrej Tech,India,https://www.godrej.com/careers,Own Portal
Larsen & Toubro Digital,India,https://www.larsentoubro.com/corporate/careers/,Own Portal
Adani Digital,India,https://www.adani.com/careers,Workday
Wipro Consumer Care Tech,India,https://www.wiprocc.com/careers,Own Portal
Hindustan Unilever Digital,India,https://www.hul.co.in/careers,Custom
ITC Infotech,India,https://www.itcinfotech.com/careers,Own Portal
Aricent,USA,https://www.altran.com/careers,Own Portal
Zoho Corporation,India,https://www.zoho.com/careers,Own Portal
Kissflow,India,https://www.kissflow.com/careers,Own Portal
Chargebee,India,https://www.chargebee.com/careers,Greenhouse
Sprinklr,USA,https://www.sprinklr.com/careers,Workday
Icertis,USA,https://www.icertis.com/careers,Own Portal
Druva,USA,https://www.druva.com/careers,Greenhouse
Cohesity,USA,https://www.cohesity.com/careers,Workday
Nutanix,USA,https://www.nutanix.com/careers,Workday
Pure Storage,USA,https://www.purestorage.com/careers,Workday
NetApp,USA,https://www.netapp.com/careers,Workday
Commvault,USA,https://www.commvault.com/careers,Workday
Rubrik,USA,https://www.rubrik.com/careers,Greenhouse
Veeam,Switzerland,https://www.veeam.com/careers,Own Portal
Veritas Technologies,USA,https://www.veritas.com/careers,Workday
Red Hat,USA,https://www.redhat.com/careers,Workday
SUSE,Germany,https://www.suse.com/careers,Workday
Canonical,UK,https://www.canonical.com/careers,Greenhouse
HashiCorp,USA,https://www.hashicorp.com/careers,Greenhouse
Docker,USA,https://www.docker.com/careers,Greenhouse
JFrog,Israel,https://www.jfrog.com/careers,Greenhouse
Sonatype,USA,https://www.sonatype.com/careers,Greenhouse
Sumo Logic,USA,https://www.sumologic.com/careers,Greenhouse
Datadog,USA,https://www.datadoghq.com/careers,Greenhouse
New Relic,USA,https://www.newrelic.com/careers,Greenhouse
Dynatrace,USA,https://www.dynatrace.com/careers,Greenhouse
AppDynamics,USA,https://www.appdynamics.com/careers,Workday
PagerDuty,USA,https://www.pagerduty.com/careers,Greenhouse
Grafana Labs,USA,https://www.grafana.com/careers,Greenhouse
Cloudflare,USA,https://www.cloudflare.com/careers,Greenhouse
Akamai,USA,https://www.akamai.com/careers,Workday
Fastly,USA,https://www.fastly.com/careers,Greenhouse
DigitalOcean,USA,https://www.digitalocean.com/careers,Greenhouse
Rackspace,USA,https://www.rackspace.com/careers,Workday
Equinix,USA,https://www.equinix.com/careers,Workday
Digital Realty,USA,https://www.digitalrealty.com/careers,Workday
Vercel,USA,https://www.vercel.com/careers,Greenhouse
Netlify,USA,https://www.netlify.com/careers,Greenhouse
Supabase,USA,https://www.supabase.com/careers,Ashby
Cockroach Labs,USA,https://www.cockroachlabs.com/careers,Greenhouse
PlanetScale,USA,https://www.planetscale.com/careers,Greenhouse
Neo4j,USA,https://www.neo4j.com/careers,Greenhouse
Teradata,USA,https://www.teradata.com/careers,Workday
Informatica,USA,https://www.informatica.com/careers,Workday
Talend,USA,https://www.talend.com/careers,Workday
Fivetran,USA,https://www.fivetran.com/careers,Greenhouse
dbt Labs,USA,https://www.getdbt.com/careers,Greenhouse
Alteryx,USA,https://www.alteryx.com/careers,Workday
Tableau,USA,https://www.tableau.com/careers,Workday
Qlik,USA,https://www.qlik.com/careers,Workday
MicroStrategy,USA,https://www.microstrategy.com/careers,Workday
Domo,USA,https://www.domo.com/careers,Greenhouse
Looker,USA,https://www.looker.com/careers,Own Portal
SAS Institute,USA,https://www.sas.com/careers,Workday
MathWorks,USA,https://www.mathworks.com/careers,Workday
Ansys,USA,https://careers.ansys.com,Own Portal
Autodesk,USA,https://www.autodesk.com/careers,Workday
Synopsys,USA,https://www.synopsys.com/careers.html,Own Portal
Cadence Design Systems,USA,https://www.cadence.com/en_US/home/company/careers.html,Own Portal
Dassault Systemes,France,https://www.3ds.com/careers,Workday
PTC,USA,https://www.ptc.com/careers,Workday
Altair,USA,https://www.altair.com/careers,Workday
Bentley Systems,USA,https://www.bentley.com/careers,Workday
Trimble,USA,https://www.trimble.com/careers,Workday
Cognex,USA,https://www.cognex.com/careers,Workday
Zebra Technologies,USA,https://www.zebra.com/careers,Workday
Motorola Solutions,USA,https://motorolasolutions.com/careers,Own Portal
Verizon,USA,https://www.verizon.com/careers,Workday
AT&T,USA,https://www.att.com/careers,Workday
T-Mobile,USA,https://www.t-mobile.com/careers,Workday
Comcast,USA,https://www.comcast.com/careers,Workday
Charter Communications,USA,https://www.charter.com/careers,Workday
Vodafone,UK,https://www.vodafone.com/careers,Workday
Deutsche Telekom,Germany,https://www.telekom.com/careers,Workday
Telefonica Tech,Spain,https://www.telefonica.com/careers,Workday
Orange Business,France,https://www.orange-business.com/careers,Workday
BT Group,UK,https://www.bt.com/careers,Workday
Singtel,Singapore,https://www.singtel.com/careers,Workday
Telstra,Australia,https://www.telstra.com/careers,Workday
Rakuten,Japan,https://www.rakuten.com/careers,Workday
SoftBank,Japan,https://www.softbank.jp/careers,Own Portal
Sony,Japan,https://www.sony.com/careers,Workday
Toshiba,Japan,https://www.global.toshiba/careers,Own Portal
Canon,Japan,https://www.canon.com/careers,Own Portal
Ricoh,Japan,https://www.ricoh.com/careers,Workday
Konica Minolta,Japan,https://www.konicaminolta.com/careers,Workday
Lenovo,China,https://jobs.lenovo.com,Own Portal
Xiaomi,China,https://www.xiaomi.com/careers,Own Portal
Tencent,China,https://www.tencent.com/careers,Own Portal
Alibaba,China,https://www.alibaba.com/careers,Own Portal
ByteDance,China,https://www.bytedance.com/careers,Own Portal
Baidu,China,https://www.baidu.com/careers,Own Portal
Oppo India,India,https://www.oppo.com/careers,Own Portal
Vivo India,India,https://www.vivo.com/,Custom
Realme,India,https://www.realme.com/careers,Own Portal
OnePlus,China,https://www.oneplus.com/careers,Own Portal
Nothing Technology,UK,https://www.nothing.tech/careers,Ashby
Motorola Mobility,USA,https://www.motorola.com/careers,Workday
Asus,Taiwan,https://www.asus.com/careers/,Own Portal
Acer,Taiwan,https://www.acer.com/careers,Own Portal
TSMC,Taiwan,https://careers.tsmc.com,Own Portal
MediaTek,Taiwan,https://careers.mediatek.com,Own Portal
Foxconn,Taiwan,https://www.foxconn.com/en-us/careers,Own Portal
AMD,USA,https://www.amd.com/en/corporate/careers,Own Portal
Nvidia India,India,https://www.nvidia.com/careers,Workday
Marvell,USA,https://careers.marvell.com,Own Portal
Analog Devices,USA,https://www.analog.com/en/about-adi/careers.html,Own Portal
NXP Semiconductors,Netherlands,https://www.nxp.com/,Custom
Infineon,Germany,https://www.infineon.com/cms/en/careers/,Own Portal
STMicroelectronics,Switzerland,https://www.st.com/careers,Custom
Renesas,Japan,https://www.renesas.com/careers,Custom
Microchip Technology,USA,https://careers.microchip.com,Own Portal
Lam Research,USA,https://www.lamresearch.com/careers,Workday
Applied Materials,USA,https://www.appliedmaterials.com/careers,Workday
KLA,USA,https://www.kla.com/careers,Workday
Synaptics,USA,https://www.synaptics.com/company/careers,Own Portal
Silicon Labs,USA,https://www.silabs.com/about-us/careers,Own Portal
Lattice Semiconductor,USA,https://www.latticesemi.com/en/About/Careers,Own Portal
SiFive,USA,https://www.sifive.com/careers,Greenhouse
Ola Krutrim,India,https://www.olakrutrim.com/careers,Own Portal
Mindgrove Technologies,India,https://mindgrove.co/careers,Own Portal
Ineda Systems,India,https://www.inedasystems.com/careers,Own Portal
Moschip Technologies,India,https://www.moschip.com/careers,Own Portal
Sankalp Semiconductor,India,https://www.sankalpsemi.com/careers,Own Portal
Tessolve,India,https://www.tessolve.com/careers,Own Portal
Wafer Space,India,https://www.waferspace.com/careers,Own Portal
Eternal Ltd,India,https://www.eternal.com/careers,Own Portal
Licious,India,https://www.licious.in/careers,Own Portal
FreshToHome,India,https://www.freshtohome.com/careers,Own Portal
Country Delight,India,https://www.countrydelight.in/careers,Own Portal
Milkbasket,India,https://www.milkbasket.com/careers,Own Portal
Lenskart,India,https://www.lenskart.com/careers,Own Portal
FirstCry,India,https://www.firstcry.com/careers,Custom
Tata CLiQ,India,https://www.tatacliq.com/careers,Own Portal
Ajio,India,https://careers.ril.com/,Workday
Reliance Retail Digital,India,https://www.relianceretail.com/careers,Own Portal
JioMart,India,https://www.jiomart.com/careers,Own Portal
Shiprocket,India,https://www.shiprocket.in/careers,Own Portal
Ecom Express,India,https://www.ecomexpress.in/careers,Own Portal
XpressBees,India,https://xpressbees.com/,Custom
Ekart,India,https://www.ekartlogistics.com/careers,Own Portal
Gojek India,India,https://www.gojek.com/careers,Greenhouse
PhysicsWallah,India,https://www.pw.live/careers,Own Portal
Adda247,India,https://www.adda247.com/careers,Own Portal
Testbook,India,https://www.testbook.com/careers,Own Portal
Embibe,India,https://www.embibe.com/careers,Own Portal
Leverage Edu,India,https://www.leverageedu.com/careers,Own Portal
LEAD School,India,https://www.leadschool.in/careers,Own Portal
Cuemath,India,https://www.cuemath.com/careers,Own Portal
Doubtnut,India,https://www.doubtnut.com/careers,Own Portal
Great Learning,India,https://www.mygreatlearning.com/careers,Own Portal
Masai School,India,https://www.masaischool.com/careers,Own Portal
Newton School,India,https://www.newtonschool.co/careers,Own Portal
GeeksforGeeks,India,https://www.geeksforgeeks.org/careers,Own Portal
Internshala,India,https://www.internshala.com/careers,Own Portal
Naukri,India,https://www.naukri.com/careers,Own Portal
Foundit,India,https://www.foundit.in/careers,Own Portal
Shine.com,India,https://www.shine.com/careers,Own Portal
TimesJobs,India,https://www.timesjobs.com/careers,Own Portal
Cutshort,India,https://www.cutshort.io/careers,Own Portal
Instahyre,India,https://www.instahyre.com/careers,Own Portal
Hirect,India,https://www.hirect.in/careers,Own Portal
WorkIndia,India,https://www.workindia.in/careers,Own Portal
Vahan,India,https://www.vahan.ai/careers,Own Portal
Turing,USA,https://www.turing.com/careers,Greenhouse
Andela,USA,https://www.andela.com/careers,Greenhouse
Toptal,USA,https://www.toptal.com/careers,Own Portal
Upwork,USA,https://www.upwork.com/careers,Greenhouse
Fiverr,Israel,https://www.fiverr.com/careers,Greenhouse
Freelancer,Australia,https://www.freelancer.com/careers,Own Portal
Paisabazaar,India,https://www.paisabazaar.com/careers,Own Portal
BankBazaar,India,https://www.bankbazaar.com/careers.html,Custom
Lendingkart,India,https://www.lendingkart.com/careers,Own Portal
Capital Float,India,https://www.capitalfloat.com/careers,Own Portal
Kissht,India,https://www.kissht.com/careers,Own Portal
KreditBee,India,https://www.kreditbee.in/careers,Own Portal
MoneyView,India,https://www.moneyview.in/careers,Own Portal
LazyPay,India,https://www.lazypay.in/careers,Own Portal
Simpl,India,https://www.getsimpl.com/careers,Own Portal
Jar App,India,https://www.myjar.app/careers,Own Portal
Freo,India,https://www.freo.money/careers,Own Portal
Stashfin,India,https://www.stashfin.com/careers,Own Portal
Mobikwik,India,https://www.mobikwik.com/careers,Own Portal
Freecharge,India,https://www.freecharge.in/careers,Own Portal
Cashfree Payments,India,https://www.cashfree.com/careers,Own Portal
Juspay,India,https://www.juspay.in/careers,Own Portal
Pine Labs,India,https://www.pinelabs.com/careers,Custom
BharatPe,India,https://www.bharatpe.com/careers,Custom
Paytm Money,India,https://www.paytmmoney.com/careers,Custom
Angel One,India,https://angelone.in/careers,Custom
5paisa,India,https://www.5paisa.com/careers,Custom
Dhan,India,https://www.dhan.co/careers,Own Portal
Fyers,India,https://www.fyers.in/careers,Own Portal
Kuvera,India,https://www.kuvera.in/careers,Own Portal
ET Money,India,https://www.etmoney.com/careers,Own Portal
Scripbox,India,https://www.scripbox.com/careers,Own Portal
Wint Wealth,India,https://www.wintwealth.com/careers,Own Portal
Stable Money,India,https://www.stablemoney.in/careers,Own Portal
Zeta,India,https://www.zeta.tech/careers,Own Portal
M2P Fintech,India,https://www.m2pfintech.com/careers,Own Portal
Perfios,India,https://www.perfios.com/careers,Own Portal
Signzy,India,https://www.signzy.com/careers,Own Portal
IDfy,India,https://www.idfy.com/careers,Own Portal
Digio,India,https://www.digio.in/careers,Own Portal
Setu,India,https://www.setu.co/careers,Own Portal
Decentro,India,https://www.decentro.tech/careers,Own Portal
Instamojo,India,https://www.instamojo.com/careers,Own Portal
Pay1,India,https://www.pay1.in/careers,Own Portal
Innoviti,India,https://www.innoviti.com/careers,Custom
Yubi,India,https://www.go-yubi.com/careers,Own Portal
CredAvenue,India,https://www.credavenue.com/careers,Own Portal
Clix Capital,India,https://www.clix.capital/careers,Own Portal
Aye Finance,India,https://www.ayefin.com/careers,Own Portal
Ola Financial,India,https://www.olafinancial.com/careers,Own Portal
Kredivo,Indonesia,https://www.kredivo.com/careers,Own Portal
Vayana Network,India,https://www.vayana.com/careers,Own Portal
Flexmoney,India,https://www.flexmoney.in/careers,Own Portal
Mswipe,India,https://www.mswipe.com/careers,Own Portal
Ezetap,India,https://www.ezetap.com/careers,Custom
Bureau,India,https://www.bureau.id/careers,Own Portal
Hyperverge,India,https://www.hyperverge.co/careers,Own Portal
Leadsquared,India,https://www.leadsquared.com/careers,Own Portal
Gupshup,India,https://www.gupshup.io/careers,Own Portal
Exotel,India,https://www.exotel.com/careers,Own Portal
Ozonetel,India,https://www.ozonetel.com/careers,Own Portal
Knowlarity,India,https://www.knowlarity.com/careers,Own Portal
Yellow.ai,India,https://www.yellow.ai/careers,Own Portal
Haptik,India,https://www.haptik.ai/careers,Own Portal
Uniphore,India,https://www.uniphore.com/careers,Own Portal
Observe.AI,India,https://www.observe.ai/careers,Own Portal
Verloop,India,https://www.verloop.io/careers,Own Portal
Skit.ai,India,https://www.skit.ai/careers,Own Portal
Sarvam AI,India,https://www.sarvam.ai/careers,Own Portal
Neysa,India,https://www.neysa.ai/careers,Own Portal
CoRover,India,https://www.corover.ai/careers,Own Portal
Wadhwani AI,India,https://www.wadhwaniai.org/careers,Own Portal
Mad Street Den,India,https://www.madstreetden.com/careers,Own Portal
Vue.ai,India,https://www.vue.ai/careers,Own Portal
Gramener,India,https://www.gramener.com/careers,Own Portal
Bugworks,India,https://www.bugworks.com/careers,Own Portal
Netmeds,India,https://www.netmeds.com/careers,Own Portal
Truemeds,India,https://www.truemeds.in/careers,Own Portal
Apollo 24/7,India,https://www.apollo247.com/careers,Own Portal
Apollo Hospitals Digital,India,https://www.apollohospitals.com/careers,Custom
Healthians,India,https://www.healthians.com/careers,Own Portal
Redcliffe Labs,India,https://www.redcliffelabs.com/careers,Own Portal
Orange Health,India,https://www.orangehealth.in/careers,Own Portal
Even Healthcare,India,https://www.even.in/careers,Own Portal
Ultrahuman,India,https://www.ultrahuman.com/careers,Own Portal
Wysa,India,https://www.wysa.com/careers,Own Portal
Eka Care,India,https://www.eka.care/careers,Own Portal
Cloudphysician,India,https://www.cloudphysician.net/careers,Own Portal
Cardiotrack,India,https://www.cardiotrack.in/careers,Own Portal
CitiusTech,India,https://www.citiustech.com/careers,Workday
Zeus Learning,India,https://www.zeuslearning.com/careers,Own Portal
Ideas2IT,India,https://www.ideas2it.com/careers,Own Portal
Agilisium,India,https://www.agilisium.com/careers,Own Portal
Mindbody India,India,https://www.mindbodyonline.com/careers,Greenhouse
Nitor Infotech,India,https://www.nitorinfotech.com/careers,Own Portal
Aurionpro,India,https://www.aurionpro.com/careers,Own Portal
Bharat Forge Tech,India,https://www.bharatforge.com/careers,Own Portal
Simple Energy,India,https://www.simpleenergy.in/careers,Own Portal
Ultraviolette,India,https://www.ultraviolette.com/careers,Own Portal
River Mobility,India,https://www.rideriver.com/careers,Own Portal
Euler Motors,India,https://www.eulermotors.com/careers,Own Portal
Log9 Materials,India,https://www.log9materials.com/careers,Own Portal
Exide Energy,India,https://www.exideindustries.com/careers,Custom
Meru Cabs,India,https://www.merucabs.com/careers,Own Portal
Namma Yatri,India,https://www.nammayatri.in/careers,Own Portal
Abhibus,India,https://www.abhibus.com/careers,Own Portal
IRCTC,India,https://www.irctc.co.in/careers,Own Portal
ConfirmTkt,India,https://www.confirmtkt.com/careers,Own Portal
Treebo,India,https://www.treebo.com/careers,Own Portal
FabHotels,India,https://www.fabhotels.com/careers,Own Portal
Zostel,India,https://www.zostel.com/careers,Own Portal
Thomas Cook India,India,https://www.thomascook.in/careers,Own Portal
Airbnb India,India,https://www.airbnb.co.in/careers,Greenhouse
Rebel Foods,India,https://www.rebelfoods.com/careers,Own Portal
Box8,India,https://www.box8.in/careers,Own Portal
Dineout,India,https://www.dineout.co.in/careers,Own Portal
EazyDiner,India,https://www.eazydiner.com/careers,Own Portal
Magicpin,India,https://www.magicpin.in/careers,Own Portal
Zepto Cafe,India,https://www.zeptonow.com/careers,Own Portal
Otipy,India,https://www.otipy.com/careers,Own Portal
DealShare,India,https://www.dealshare.in/careers,Own Portal
Jumbotail,India,https://www.jumbotail.com/careers,Own Portal
Ninjacart,India,https://www.ninjacart.com/careers,Own Portal
WayCool,India,https://www.waycool.in/careers,Own Portal
Bijak,India,https://www.bijak.in/careers,Own Portal
DeHaat,India,https://www.agrevolution.in/careers,Own Portal
Cropin,India,https://www.cropin.com/careers,Own Portal
AgroStar,India,https://www.agrostar.in/careers,Own Portal
Krishify,India,https://www.krishify.com/careers,Own Portal
Gramophone,India,https://www.gramophone.in/careers,Own Portal
Kisan Network,India,https://www.kisannetwork.com/careers,Own Portal
BharatAgri,India,https://www.bharatagri.co/careers,Own Portal
Fasal,India,https://www.fasal.co/careers,Own Portal
SatSure,India,https://www.satsure.co/careers,Own Portal
Pixxel,India,https://www.pixxel.space/careers,Own Portal
Skyroot Aerospace,India,https://www.skyroot.in/careers,Own Portal
Agnikul Cosmos,India,https://agnikul.in/careers,Own Portal
Dhruva Space,India,https://www.dhruvaspace.com/careers,Own Portal
Digantara,India,https://www.digantara.com/careers,Own Portal
Bellatrix Aerospace,India,https://bellatrix.aero/careers,Own Portal
ideaForge,India,https://ideaforgetech.com/careers,Own Portal
Garuda Aerospace,India,https://www.garudaaerospace.com/careers,Own Portal
Tonbo Imaging,India,https://www.tonboimaging.com/careers,Own Portal
Sify Technologies,India,https://www.sifytechnology.com/careers,Own Portal
Netmagic,India,https://www.netmagicsolutions.com/careers,Own Portal
CtrlS Datacenters,India,https://www.ctrls.com/careers,Own Portal
Yotta Infrastructure,India,https://www.yotta.com/careers,Own Portal
Nxtra by Airtel,India,https://www.nxtra.in/careers,Own Portal
E2E Networks,India,https://www.e2enetworks.com/careers,Own Portal
Web Werks,India,https://www.webwerks.in/careers,Own Portal
GoDaddy India,India,https://www.godaddy.com/careers,Workday
BigRock,India,https://www.bigrock.in/careers,Own Portal
Hostinger,Lithuania,https://www.hostinger.com/careers,Own Portal
Endurance International,USA,https://www.endurance.com/careers,Own Portal
MilesWeb,India,https://www.milesweb.com/careers,Own Portal
Directi,India,https://www.directi.com/careers,Own Portal
Media.net,India,https://www.media.net/careers,Own Portal
Radix,UAE,https://www.radix.website/careers,Own Portal
OpenAI,USA,https://www.openai.com/careers,Ashby
Anthropic,USA,https://www.anthropic.com/careers,Greenhouse
Mistral AI,France,https://www.mistral.ai/careers,Lever
Cohere,Canada,https://www.cohere.com/careers,Ashby
Hugging Face,USA,https://www.huggingface.co/careers,Workday
Scale AI,USA,https://www.scale.com/careers,Greenhouse
Perplexity,USA,https://www.perplexity.ai/careers,Ashby
Character.AI,USA,https://www.character.ai/careers,Greenhouse
Stability AI,UK,https://www.stability.ai/careers,Greenhouse
Runway,USA,https://www.runwayml.com/careers,Greenhouse
Midjourney,USA,https://www.midjourney.com/careers,Own Portal
Weights & Biases,USA,https://www.wandb.ai/careers,Greenhouse
Anyscale,USA,https://www.anyscale.com/careers,Ashby
Pinecone,USA,https://www.pinecone.io/careers,Ashby
Weaviate,Netherlands,https://www.weaviate.io/careers,Ashby
LangChain,USA,https://www.langchain.com/careers,Ashby
Replit,USA,https://www.replit.com/careers,Ashby
Cursor Anysphere,USA,https://www.anysphere.inc/careers,Ashby
Sourcegraph,USA,https://www.sourcegraph.com/careers,Greenhouse
JetBrains,Czechia,https://www.jetbrains.com/careers,Own Portal
Notion,USA,https://www.notion.so/careers,Ashby
Figma,USA,https://www.figma.com/careers,Greenhouse
Canva,Australia,https://www.canva.com/careers,Own Portal
Miro,USA,https://www.miro.com/careers,Greenhouse
Asana,USA,https://www.asana.com/careers,Greenhouse
Monday.com,Israel,https://www.monday.com/careers,Greenhouse
ClickUp,USA,https://www.clickup.com/careers,Ashby
Airtable,USA,https://www.airtable.com/careers,Greenhouse
Smartsheet,USA,https://www.smartsheet.com/careers,Workday
Box,USA,https://www.box.com/careers,Workday
Zoom,USA,https://www.zoom.us/careers,Workday
RingCentral,USA,https://www.ringcentral.com/careers,Workday
Vonage,USA,https://www.vonage.com/careers,Workday
Bandwidth,USA,https://www.bandwidth.com/careers,Workday
Five9,USA,https://www.five9.com/careers,Workday
Genesys,USA,https://www.genesys.com/careers,Workday
NICE,Israel,https://www.nice.com/careers,Workday
Verint,USA,https://www.verint.com/careers,Workday
Avaya,USA,https://www.avaya.com/careers,Workday
8x8,USA,https://www.8x8.com/careers,Workday
Zendesk,USA,https://www.zendesk.com/careers,Greenhouse
Intercom,Ireland,https://www.intercom.com/careers,Greenhouse
HubSpot,USA,https://www.hubspot.com/careers,Greenhouse
Mailchimp,USA,https://www.mailchimp.com/careers,Own Portal
Braze,USA,https://www.braze.com/careers,Greenhouse
Amplitude,USA,https://www.amplitude.com/careers,Greenhouse
Mixpanel,USA,https://www.mixpanel.com/careers,Greenhouse
Heap,USA,https://www.heap.io/careers,Greenhouse
Optimizely,USA,https://www.optimizely.com/careers,Greenhouse
Contentful,Germany,https://www.contentful.com/careers,Greenhouse
Sitecore,USA,https://www.sitecore.com/careers,Workday
Adobe Experience,USA,https://www.adobe.com/careers,Workday
Acquia,USA,https://www.acquia.com/careers,Greenhouse
Wix,Israel,https://www.wix.com/careers,Own Portal
Squarespace,USA,https://www.squarespace.com/careers,Greenhouse
WordPress VIP,USA,https://www.wpvip.com/careers,Own Portal
BigCommerce,USA,https://www.bigcommerce.com/careers,Greenhouse
Magento,USA,https://www.magento.com/careers,Own Portal
Commercetools,Germany,https://www.commercetools.com/careers,Greenhouse
Workato,USA,https://www.workato.com/careers,Greenhouse
MuleSoft,USA,https://www.mulesoft.com/careers,Workday
Boomi,USA,https://www.boomi.com/careers,Workday
UiPath,USA,https://www.uipath.com/careers,Greenhouse
Automation Anywhere,USA,https://www.automationanywhere.com/careers,Greenhouse
Blue Prism,UK,https://www.blueprism.com/careers,Own Portal
Pega,USA,https://www.pega.com/careers,Workday
Appian,USA,https://www.appian.com/careers,Workday
OutSystems,Portugal,https://www.outsystems.com/careers,Greenhouse
Mendix,Netherlands,https://www.mendix.com/careers,Own Portal
Temenos,Switzerland,https://www.temenos.com/careers,Workday
Finastra,UK,https://www.finastra.com/careers,Workday
FIS,USA,https://www.fisglobal.com/careers,Workday
Fiserv,USA,https://www.fiserv.com/careers,Workday
Jack Henry,USA,https://www.jackhenry.com/careers,Workday
Broadridge,USA,https://www.broadridge.com/careers,Workday
SS&C Technologies,USA,https://www.ssctech.com/careers,Workday
Envestnet,USA,https://www.envestnet.com/careers,Workday
Bloomberg,USA,https://www.bloomberg.com/careers,Own Portal
Refinitiv LSEG,UK,https://www.lseg.com/careers,Workday
S&P Global,USA,https://www.spglobal.com/careers,Workday
Moody's,USA,https://www.moodys.com/careers,Workday
MSCI,USA,https://www.msci.com/careers,Workday
FactSet,USA,https://www.factset.com/careers,Workday
Morningstar,USA,https://www.morningstar.com/careers,Workday
Thomson Reuters,Canada,https://www.thomsonreuters.com/careers,Workday
Verisk,USA,https://www.verisk.com/careers,Workday
Guidewire,USA,https://www.guidewire.com/careers,Workday
Duck Creek,USA,https://www.duckcreek.com/careers,Workday
Sapiens,Israel,https://www.sapiens.com/careers,Own Portal
Goldman Sachs Engineering,USA,https://www.goldmansachs.com/careers,Own Portal
Morgan Stanley Technology,USA,https://www.morganstanley.com/careers,Own Portal
JPMorgan Chase Technology,USA,https://www.jpmorganchase.com/careers,Own Portal
Citi Technology,USA,https://www.citi.com/careers,Own Portal
Wells Fargo Technology,USA,https://www.wellsfargo.com/careers,Workday
Bank of America Technology,USA,https://www.bankofamerica.com/careers,Own Portal
Barclays Technology,UK,https://www.barclays.com/careers,Own Portal
HSBC Technology,UK,https://www.hsbc.com/careers,Own Portal
Standard Chartered GBS,UK,https://www.sc.com/careers,Own Portal
Deutsche Bank Technology,Germany,https://www.db.com/careers,Own Portal
UBS Technology,Switzerland,https://www.ubs.com/careers,Own Portal
Credit Suisse Technology,Switzerland,https://www.credit-suisse.com/careers,Own Portal
BNP Paribas Technology,France,https://www.bnpparibas.com/careers,Own Portal
Societe Generale,France,https://www.societegenerale.com/careers,Own Portal
American Express Technology,USA,https://www.americanexpress.com/careers,Workday
Visa,USA,https://www.visa.com/careers,Workday
Mastercard,USA,https://www.mastercard.com/careers,Workday
Discover Financial,USA,https://www.discover.com/careers,Workday
Capital One Technology,USA,https://www.capitalone.com/careers,Workday
Charles Schwab Technology,USA,https://www.schwab.com/careers,Workday
Fidelity Investments Technology,USA,https://www.fidelity.com/careers,Workday
Vanguard Technology,USA,https://www.vanguard.com/careers,Workday
BlackRock Technology,USA,https://www.blackrock.com/careers,Workday
State Street Technology,USA,https://www.statestreet.com/careers,Workday
Northern Trust Technology,USA,https://www.northerntrust.com/careers,Workday
Nomura Technology,Japan,https://www.nomura.com/careers,Workday
Jane Street,USA,https://www.janestreet.com/careers,Own Portal
Citadel Securities,USA,https://www.citadelsecurities.com/careers,Own Portal
Two Sigma,USA,https://www.twosigma.com/careers,Own Portal
DE Shaw,USA,https://www.deshaw.com/careers,Own Portal
Hudson River Trading,USA,https://www.hudsonrivertrading.com/careers,Greenhouse
Tower Research Capital,USA,https://www.tower-research.com/careers,Own Portal
Optiver,Netherlands,https://www.optiver.com/careers,Own Portal
IMC Trading,Netherlands,https://www.imc.com/careers,Own Portal
Graviton Research Capital,India,https://www.graviton.co.in/careers,Own Portal
Adyen,Netherlands,https://www.adyen.com/careers,Greenhouse
Klarna,Sweden,https://www.klarna.com/careers,Workday
Affirm,USA,https://www.affirm.com/careers,Greenhouse
SoFi,USA,https://www.sofi.com/careers,Greenhouse
Chime,USA,https://www.chime.com/careers,Greenhouse
Brex,USA,https://www.brex.com/careers,Greenhouse
Ramp,USA,https://www.ramp.com/careers,Ashby
Rippling,USA,https://www.rippling.com/careers,Greenhouse
Gusto,USA,https://www.gusto.com/careers,Greenhouse
Deel,USA,https://www.deel.com/careers,Ashby
Remote.com,Netherlands,https://www.remote.com/careers,Greenhouse
Oyster HR,UK,https://www.oysterhr.com/careers,Greenhouse
Papaya Global,Israel,https://www.papayaglobal.com/careers,Greenhouse
Toast,USA,https://www.toasttab.com/careers,Greenhouse
Marqeta,USA,https://www.marqeta.com/careers,Greenhouse
Checkout.com,UK,https://www.checkout.com/careers,Greenhouse
Nuvei,Canada,https://www.nuvei.com/careers,Own Portal
Payoneer,USA,https://www.payoneer.com/careers,Greenhouse
Remitly,USA,https://www.remitly.com/careers,Greenhouse
Western Union Technology,USA,https://www.westernunion.com/careers,Workday
Circle,USA,https://www.circle.com/careers,Greenhouse
Kraken,USA,https://www.kraken.com/careers,Greenhouse
Binance,Global,https://www.binance.com/careers,Greenhouse
CoinDCX,India,https://www.coindcx.com/careers,Own Portal
CoinSwitch,India,https://www.coinswitch.co/careers,Own Portal
WazirX,India,https://www.wazirx.com/careers,Own Portal
Polygon Labs,India,https://www.polygon.technology/careers,Custom
Chainlink Labs,USA,https://www.chainlinklabs.com/careers,Ashby
Consensys,USA,https://www.consensys.io/careers,Ashby
Alchemy,USA,https://www.alchemy.com/careers,Ashby
Ledger,France,https://www.ledger.com/careers,Ashby
CrowdStrike,USA,https://www.crowdstrike.com/careers,Workday
SentinelOne,USA,https://www.sentinelone.com/careers,Greenhouse
Zscaler,USA,https://www.zscaler.com/careers,Workday
Rapid7,USA,https://www.rapid7.com/careers,Workday
Tenable,USA,https://www.tenable.com/careers,Workday
Qualys,USA,https://www.qualys.com/careers,Workday
Proofpoint,USA,https://www.proofpoint.com/careers,Workday
Mimecast,UK,https://www.mimecast.com/careers,Workday
Trellix,USA,https://www.trellix.com/careers,Workday
McAfee,USA,https://www.mcafee.com/careers,Workday
Trend Micro,Japan,https://www.trendmicro.com/careers,Workday
Sophos,UK,https://www.sophos.com/careers,Workday
Kaspersky,Russia,https://www.kaspersky.com/careers,Custom
Cybereason,USA,https://www.cybereason.com/careers,Greenhouse
Darktrace,UK,https://www.darktrace.com/careers,Workday
Wiz,USA,https://www.wiz.io/careers,Greenhouse
Snyk,UK,https://www.snyk.io/careers,Greenhouse
Lacework,USA,https://www.lacework.com/careers,Greenhouse
Illumio,USA,https://www.illumio.com/careers,Greenhouse
Varonis,USA,https://www.varonis.com/careers,Workday
CyberArk,Israel,https://www.cyberark.com/careers,Workday
Ping Identity,USA,https://www.pingidentity.com/careers,Workday
SailPoint,USA,https://www.sailpoint.com/careers,Workday
ForgeRock,USA,https://www.forgerock.com/careers,Workday
Auth0,USA,https://www.auth0.com/careers,Greenhouse
1Password,Canada,https://www.1password.com/careers,Ashby
LastPass,USA,https://www.lastpass.com/careers,Workday
Bitwarden,USA,https://www.bitwarden.com/careers,Greenhouse
NortonLifeLock Gen Digital,USA,https://www.gendigital.com/careers,Workday
Quick Heal,India,https://www.quickheal.com/careers,Own Portal
K7 Computing,India,https://www.k7computing.com/careers,Own Portal
Seclore,India,https://www.seclore.com/careers,Own Portal
Sequretek,India,https://www.sequretek.com/careers,Own Portal
Cyware,India,https://www.cyware.com/careers,Own Portal
Innefu Labs,India,https://www.innefu.com/careers,Own Portal
Kratikal,India,https://www.kratikal.com/careers,Own Portal
Appsecure,India,https://www.appsecure.security/careers,Own Portal
HackerOne,USA,https://www.hackerone.com/careers,Greenhouse
Bugcrowd,USA,https://www.bugcrowd.com/careers,Greenhouse
Amazon Web Services,USA,https://www.aws.amazon.com/careers,Own Portal
Alibaba Cloud,China,https://www.alibabacloud.com/careers,Own Portal
Walmart Global Tech,USA,https://www.walmart.com/careers,Workday
Target Tech,USA,https://www.target.com/careers,Workday
Best Buy Tech,USA,https://www.bestbuy.com/careers,Workday
Home Depot Technology,USA,https://www.homedepot.com/careers,Workday
Lowe's Tech,USA,https://www.lowes.com/careers,Workday
Costco IT,USA,https://www.costco.com/careers,Workday
Kroger Technology,USA,https://www.thekrogerco.com/careers,Workday
Nike Technology,USA,https://www.nike.com/careers,Workday
Adidas Technology,Germany,https://www.adidas-group.com/careers,Workday
IKEA Digital,Sweden,https://www.ikea.com/careers,Custom
H&M Tech,Sweden,https://www.hm.com/careers,Custom
Zalando,Germany,https://www.zalando.com/careers,Own Portal
Otto Group Tech,Germany,https://www.otto.de/careers,Own Portal
Shein,Singapore,https://www.shein.com/careers,Own Portal
Temu PDD,USA,https://www.pinduoduo.com/careers,Own Portal
eBay,USA,https://www.ebay.com/careers,Workday
Etsy,USA,https://www.etsy.com/careers,Greenhouse
Wayfair,USA,https://www.wayfair.com/careers,Greenhouse
Instacart,USA,https://www.instacart.com/careers,Greenhouse
DoorDash,USA,https://www.doordash.com/careers,Greenhouse
Grubhub,USA,https://www.grubhub.com/careers,Greenhouse
Deliveroo,UK,https://www.deliveroo.co.uk/careers,Greenhouse
Just Eat Takeaway,Netherlands,https://www.justeattakeaway.com/careers,Workday
Delivery Hero,Germany,https://www.deliveryhero.com/careers,Greenhouse
Grab,Singapore,https://www.grab.careers/careers,Greenhouse
GoTo,Indonesia,https://www.gotocompany.com/careers,Greenhouse
Sea Limited Shopee,Singapore,https://www.sea.com/careers,Own Portal
Lazada,Singapore,https://www.lazada.com/careers,Own Portal
Tokopedia,Indonesia,https://www.tokopedia.com/careers,Own Portal
Traveloka,Indonesia,https://www.traveloka.com/careers,Greenhouse
Coupang,South Korea,https://www.coupang.com/careers,Greenhouse
Naver,South Korea,https://www.navercorp.com/careers,Own Portal
Kakao,South Korea,https://www.kakaocorp.com/careers,Own Portal
Line Corporation,Japan,https://www.linecorp.com/careers,Own Portal
Mercari,Japan,https://www.mercari.com/careers,Own Portal
CyberAgent,Japan,https://www.cyberagent.co.jp/careers,Own Portal
DeNA,Japan,https://www.dena.com/careers,Own Portal
Zoom Info,USA,https://www.zoominfo.com/careers,Greenhouse
Gainsight,USA,https://www.gainsight.com/careers,Greenhouse
Highspot,USA,https://www.highspot.com/careers,Greenhouse
Outreach,USA,https://www.outreach.io/careers,Greenhouse
Gong,USA,https://www.gong.io/careers,Greenhouse
Clari,USA,https://www.clari.com/careers,Greenhouse
Apollo.io,USA,https://www.apollo.io/careers,Ashby
Seismic,USA,https://www.seismic.com/careers,Greenhouse
Showpad,Belgium,https://www.showpad.com/careers,Greenhouse
Anaplan,USA,https://www.anaplan.com/careers,Workday
Coupa,USA,https://www.coupa.com/careers,Workday
Zuora,USA,https://www.zuora.com/careers,Workday
Avalara,USA,https://www.avalara.com/careers,Workday
Vertex Inc,USA,https://www.vertexinc.com/careers,Workday
Bill.com,USA,https://www.bill.com/careers,Greenhouse
Expensify,USA,https://www.expensify.com/careers,Own Portal
Paylocity,USA,https://www.paylocity.com/careers,Workday
Paycom,USA,https://www.paycom.com/careers,Workday
Paycor,USA,https://www.paycor.com/careers,Workday
ADP,USA,https://www.adp.com/careers,Workday
Ceridian Dayforce,USA,https://www.dayforce.com/careers,Workday
UKG,USA,https://www.ukg.com/careers,Workday
Workday India,India,https://www.workday.com/careers,Workday
Infor,USA,https://www.infor.com/careers,Workday
Epicor,USA,https://www.epicor.com/careers,Workday
Sage Group,UK,https://www.sage.com/careers,Workday
Unit4,Netherlands,https://www.unit4.com/careers,Workday
NetSuite,USA,https://www.netsuite.com/careers,Workday
Odoo,Belgium,https://www.odoo.com/careers,Own Portal
Freshbooks,Canada,https://www.freshbooks.com/careers,Greenhouse
Xero,New Zealand,https://www.xero.com/careers,Workday
Tally Solutions,India,https://www.tallysolutions.com/careers,Own Portal
Busy Infotech,India,https://www.busy.in/careers,Own Portal
Vyapar,India,https://www.vyaparapp.in/careers,Own Portal
Peloton,USA,https://www.onepeloton.com/careers,Greenhouse
Strava,USA,https://www.strava.com/careers,Greenhouse
Fitbit,USA,https://www.fitbit.com/careers,Own Portal
Garmin,USA,https://www.garmin.com/careers,Workday
GoPro,USA,https://www.gopro.com/careers,Workday
Sonos,USA,https://www.sonos.com/careers,Workday
Bose,USA,https://www.bose.com/careers,Workday
Dolby,USA,https://www.dolby.com/careers,Workday
Xperi,USA,https://www.xperi.com/careers,Workday
Logitech,Switzerland,https://www.logitech.com/careers,Workday
Razer,Singapore,https://www.razer.com/careers,Workday
Corsair,USA,https://www.corsair.com/careers,Workday
Nintendo,Japan,https://www.nintendo.co.jp/careers,Own Portal
Sega,Japan,https://www.sega.com/careers,Own Portal
Bandai Namco,Japan,https://www.bandainamcoent.co.jp/careers,Own Portal
Capcom,Japan,https://www.capcom.co.jp/careers,Own Portal
Konami,Japan,https://www.konami.com/careers,Own Portal
Krafton,South Korea,https://www.krafton.com/careers,Own Portal
Nexon,Japan,https://www.nexon.com/careers,Own Portal
NetEase Games,China,https://www.neteasegames.com/careers,Own Portal
miHoYo,China,https://www.mihoyo.com/careers,Own Portal
Riot Games,USA,https://www.riotgames.com/careers,Greenhouse
Blizzard Entertainment,USA,https://www.blizzard.com/careers,Workday
Bethesda,USA,https://www.bethesda.net/careers,Workday
Take-Two Interactive,USA,https://www.take2games.com/careers,Workday
2K Games,USA,https://www.2k.com/careers,Workday
Supercell,Finland,https://www.supercell.com/careers,Greenhouse
King Digital,Sweden,https://www.king.com/careers,Workday
Rovio,Finland,https://www.rovio.com/careers,Greenhouse
Playtika,Israel,https://www.playtika.com/careers,Greenhouse
Scopely,USA,https://www.scopely.com/careers,Greenhouse
Glu Mobile,USA,https://www.glu.com/careers,Workday
Kabam,Canada,https://www.kabam.com/careers,Greenhouse
Games24x7,India,https://www.games24x7.com/careers,Own Portal
Junglee Games,India,https://www.jungleegames.com/careers,Own Portal
Mobile Premier League India,India,https://www.mpl.live/careers,Own Portal
WinZO,India,https://www.winzogames.com/careers,Own Portal
Head Digital Works,India,https://www.headdigitalworks.com/careers,Own Portal
Nodwin Gaming,India,https://www.nodwingaming.com/careers,Own Portal
Lila Games,India,https://www.lilagames.com/careers,Own Portal
Dhruva Interactive,India,https://www.dhruva.com/careers,Own Portal
Octro,India,https://www.octro.com/careers,Own Portal
Gameskraft,India,https://www.gameskraft.com/careers,Own Portal
Ludo King Gametion,India,https://www.gametion.com/careers,Own Portal
Moonfrog Labs,India,https://www.moonfroglabs.com/careers,Own Portal
Zupee,India,https://www.zupee.com/careers,Own Portal
SuperGaming,India,https://www.supergaming.com/careers,Own Portal
Kwalee India,India,https://www.kwalee.com/careers,Own Portal
Josh Dailyhunt,India,https://www.dailyhunt.in/careers,Own Portal
Pratilipi,India,https://www.pratilipi.com/careers,Own Portal
Kuku FM,India,https://www.kukufm.com/careers,Own Portal
Gaana,India,https://www.gaana.com/careers,Own Portal
JioSaavn,India,https://www.jiosaavn.com/careers,Own Portal
Wynk Music,India,https://www.wynk.in/careers,Own Portal
Hotstar Disney,India,https://www.hotstar.com/careers,Own Portal
JioCinema,India,https://www.jiocinema.com/careers,Own Portal
SonyLIV,India,https://www.sonyliv.com/careers,Own Portal
ZEE5,India,https://www.zee5.com/careers,Own Portal
MX Player,India,https://www.mxplayer.in/careers,Own Portal
Eros Now,India,https://www.erosnow.com/careers,Own Portal
Voot,India,https://www.voot.com/careers,Own Portal
Spotify India,India,https://www.spotify.com/careers,Own Portal
YouTube Google India,India,https://www.youtube.com/careers,Own Portal
Snap Inc,USA,https://www.snap.com/careers,Workday
Reddit,USA,https://www.redditinc.com/careers,Greenhouse
Discord,USA,https://www.discord.com/careers,Greenhouse
Telegram,UAE,https://www.telegram.org/careers,Own Portal
Signal,USA,https://www.signal.org/careers,Own Portal
WhatsApp,USA,https://www.whatsapp.com/careers,Custom
TikTok,USA,https://www.tiktok.com/careers,Own Portal
Bumble,USA,https://www.bumble.com/careers,Greenhouse
Match Group,USA,https://www.mtch.com/careers,Workday
Tinder,USA,https://www.tinder.com/careers,Greenhouse
Hinge,USA,https://www.hinge.co/careers,Greenhouse
Quora,USA,https://www.quora.com/careers,Greenhouse
Medium,USA,https://www.medium.com/careers,Greenhouse
Substack,USA,https://www.substack.com/careers,Ashby
Twitch,USA,https://www.twitch.tv/careers,Own Portal
Vimeo,USA,https://www.vimeo.com/careers,Greenhouse
eClerx,India,https://www.eclerx.com/careers,Own Portal
Innodata,USA,https://www.innodata.com/careers,Own Portal
Cambridge Technology Enterprises,India,https://www.cambridgetechnology.com/careers,Own Portal
Allsec Technologies,India,https://www.allsectech.com/careers,Own Portal
Sagility,India,https://www.sagilityhealth.com/careers,Own Portal
Startek,USA,https://www.startek.com/careers,Workday
TTEC,USA,https://www.ttec.com/careers,Workday
Concentrix,USA,https://www.concentrix.com/careers,Workday
Teleperformance,France,https://www.teleperformance.com/careers,Workday
Conduent,USA,https://www.conduent.com/careers,Workday
iEnergizer,India,https://www.ienergizer.com/careers,Own Portal
Aspire Systems,India,https://www.aspiresys.com/careers,Own Portal
Ascendion,USA,https://www.ascendion.com/careers,Own Portal
Brillio,USA,https://www.brillio.com/careers,Own Portal
Tredence,USA,https://www.tredence.com/careers,Own Portal
Axtria,USA,https://www.axtria.com/careers,Own Portal
ZS Associates,USA,https://www.zs.com/careers,Own Portal
Evalueserve,India,https://www.evalueserve.com/careers,Own Portal
Quinnox,India,https://www.quinnox.com/careers,Own Portal
Ittiam Systems,India,https://www.ittiam.com/careers,Own Portal
Bluepi,India,https://www.bluepi.in/careers,Own Portal
Larsen Infotech Legacy,India,https://www.lntinfotech.com/careers,Own Portal
Nihilent,India,https://www.nihilent.com/careers,Own Portal
Prolifics,USA,https://www.prolifics.com/careers,Own Portal
Trigent Software,India,https://www.trigent.com/careers,Own Portal
Calsoft,India,https://www.calsoftinc.com/careers,Own Portal
Eidiko Systems,India,https://www.eidiko.com/careers,Own Portal
Pyramid IT,India,https://www.pyramidci.com/careers,Own Portal
Suyash Technologies,India,https://www.suyash.com/careers,Own Portal
Anthem Software,India,https://www.anthemsoftware.com/careers,Own Portal
Photon Infotech,USA,https://www.photon.com/careers,Own Portal
Apexon,USA,https://www.apexon.com/careers,Own Portal
Cybage Software,India,https://www.cybage.com/careers,Own Portal
Harbinger Group,USA,https://www.harbinger-systems.com/careers,Own Portal
Amdocs,USA,https://www.amdocs.com/careers,Workday
Comviva,India,https://www.comviva.com/careers,Custom
Pramati Technologies,India,https://www.pramati.com/careers,Own Portal
MapmyIndia,India,https://www.mapmyindia.com/careers,Own Portal
Ola Maps,India,https://www.olamaps.io/careers,Own Portal
Bhuvan ISRO,India,https://www.isro.gov.in/Careers.html,Own Portal
NIC India,India,https://www.nic.in/careers,Custom
CDAC,India,https://www.cdac.in/index.aspx?id=ca,Own Portal
TCS iON,India,https://www.tcsion.com/careers,Own Portal
Wheebox,India,https://www.wheebox.com/careers,Own Portal
Mettl,India,https://www.mettl.com/careers,Own Portal
HackerRank,USA,https://www.hackerrank.com/careers,Greenhouse
HackerEarth,India,https://www.hackerearth.com/careers,Own Portal
CodeChef,India,https://www.codechef.com/careers,Own Portal
LeetCode,USA,https://www.leetcode.com/careers,Own Portal
Coursera,USA,https://www.coursera.org/careers,Greenhouse
Udemy,USA,https://www.udemy.com/careers,Greenhouse
edX,USA,https://www.edx.org/careers,Own Portal
Chegg,USA,https://www.chegg.com/careers,Workday
Pluralsight,USA,https://www.pluralsight.com/careers,Greenhouse
Skillsoft,USA,https://www.skillsoft.com/careers,Workday
Duolingo,USA,https://www.duolingo.com/careers,Greenhouse
Kahoot,Norway,https://www.kahoot.com/careers,Greenhouse
Instructure,USA,https://www.instructure.com/careers,Workday
Blackboard Anthology,USA,https://www.anthology.com/careers,Workday
BYJU'S Tynker,India,https://www.tynker.com/careers,Own Portal
Rocketlane,India,https://www.rocketlane.com/careers,Own Portal
Whatfix,India,https://www.whatfix.com/careers,Own Portal
Sprinto,India,https://www.sprinto.com/careers,Own Portal
Scrut Automation,India,https://www.scrut.io/careers,Own Portal
Atlan,India,https://www.atlan.com/careers,Own Portal
RudderStack,USA,https://www.rudderstack.com/careers,Ashby
Zluri,India,https://www.zluri.com/careers,Own Portal
Keka,India,https://www.keka.com/careers,Own Portal
greytHR,India,https://www.greythr.com/careers,Own Portal
Zimyo,India,https://www.zimyo.com/careers,Own Portal
Springworks,India,https://www.springworks.in/careers,Own Portal
Peoplestrong,India,https://www.peoplestrong.com/careers,Own Portal
Sumhr,India,https://www.sumhr.com/careers,Own Portal
Pocket HRMS,India,https://www.pockethrms.com/careers,Own Portal
Leena AI,India,https://www.leena.ai/careers,Own Portal
Rezo.ai,India,https://www.rezo.ai/careers,Own Portal
Netcore Cloud,India,https://www.netcorecloud.com/careers,Own Portal
WebEngage,India,https://www.webengage.com/careers,Own Portal
Plotline,India,https://www.plotline.so/careers,Own Portal
Sendbird,USA,https://www.sendbird.com/careers,Greenhouse
CometChat,India,https://www.cometchat.com/careers,Own Portal
100ms,India,https://www.100ms.live/careers,Own Portal
Zego,China,https://www.zegocloud.com/careers,Own Portal
Daily.co,USA,https://www.daily.co/careers,Ashby
Agora,USA,https://www.agora.io/careers,Greenhouse
Pipedrive,Estonia,https://www.pipedrive.com/careers,Greenhouse
Bitrix24,Germany,https://www.bitrix24.com/careers,Own Portal
Kapture CX,India,https://www.kapture.cx/careers,Own Portal
Vymo,India,https://www.getvymo.com/careers,Own Portal
Capillary Technologies,India,https://www.capillarytech.com/careers,Own Portal
Zeotap,Germany,https://www.zeotap.com/careers,Greenhouse
Mobileum,USA,https://www.mobileum.com/careers,Own Portal
Tejas Networks,India,https://www.tejasnetworks.com/careers/,Own Portal
HFCL,India,https://www.hfcl.com/careers,Own Portal
Sterlite Technologies,India,https://www.stl.tech/careers/,Own Portal
Cambium Networks,USA,https://www.cambiumnetworks.com/careers,Workday
Ubiquiti,USA,https://www.ui.com/careers,Own Portal
Ruckus Networks,USA,https://www.commscope.com/careers,Workday
Extreme Networks,USA,https://www.extremenetworks.com/careers,Workday
F5,USA,https://www.f5.com/careers,Workday
A10 Networks,USA,https://www.a10networks.com/careers,Workday
Radware,Israel,https://www.radware.com/careers,Workday
Gigamon,USA,https://www.gigamon.com/careers,Workday
Infoblox,USA,https://www.infoblox.com/careers,Workday
Ciena,USA,https://www.ciena.com/about/careers/,Own Portal
Infinera,USA,https://www.infinera.com/careers,Workday
Viavi Solutions,USA,https://www.viavisolutions.com/careers,Workday
Keysight,USA,https://careers.keysight.com,Own Portal
Rohde & Schwarz,Germany,https://www.rohde-schwarz.com/in/career,Own Portal
National Instruments,USA,https://www.ni.com/en/about-ni/careers.html,Own Portal
Emerson,USA,https://www.emerson.com/en-us/careers,Own Portal
Rockwell Automation,USA,https://www.rockwellautomation.com/en-us/company/about-us/careers.html,Own Portal
Schneider Electric,France,https://www.se.com/careers,Custom
ABB,Switzerland,https://www.abb.com/careers,Workday
Johnson Controls,USA,https://www.jci.com/careers,Workday
Eaton,USA,https://www.eaton.com/careers,Custom
Danfoss,Denmark,https://www.danfoss.com/en-in/about-danfoss/careers/,Own Portal
Yokogawa,Japan,https://www.yokogawa.com/in/about/careers/,Own Portal
Bosch Global Software,Germany,https://www.bosch.in/careers,Custom
Mercedes-Benz R&D India,India,https://group.mercedes-benz.com/careers/,Own Portal
BMW Group Tech,Germany,https://www.bmwgroup.com/careers,Own Portal
Volkswagen Digital,Germany,https://www.volkswagen.com/careers,Own Portal
Daimler Truck Innovation,Germany,https://www.daimlertruck.com/careers,Own Portal
Ford Global Tech,USA,https://www.ford.com/careers,Workday
General Motors Tech,USA,https://www.gm.com/careers,Workday
Stellantis Tech,Netherlands,https://careers.stellantis.com,Own Portal
Toyota Connected,Japan,https://www.toyota.com/careers,Workday
Honda R&D,Japan,https://www.honda.com/careers,Own Portal
Hyundai Motor Tech,South Korea,https://careers.hyundai.com,Own Portal
Kia Digital,South Korea,https://www.kia.com/careers,Own Portal
Nissan Digital,Japan,https://www.nissan-global.com/careers,Own Portal
Renault Nissan Tech,France,https://www.renaultgroup.com/en/careers/,Own Portal
Rivian,USA,https://www.rivian.com/careers,Workday
Lucid Motors,USA,https://www.lucidmotors.com/careers,Greenhouse
Waymo,USA,https://www.waymo.com/careers,Greenhouse
Cruise Automation,USA,https://www.getcruise.com/careers,Greenhouse
Aurora Innovation,USA,https://www.aurora.tech/careers,Greenhouse
Zoox,USA,https://www.zoox.com/careers,Greenhouse
Mobileye,Israel,https://www.mobileye.com/careers,Workday
Luminar,USA,https://www.luminartech.com/careers,Greenhouse
Ouster,USA,https://www.ouster.com/careers,Greenhouse
Visteon,USA,https://www.visteon.com/careers/,Own Portal
Aptiv,Ireland,https://www.aptiv.com/careers,Own Portal
Harman,USA,https://jobs.harman.com,Own Portal
Lear Corporation,USA,https://www.lear.com/careers,Own Portal
Magna,Canada,https://www.magna.com/careers,Own Portal
ZF Group,Germany,https://jobs.zf.com,Own Portal
Denso,Japan,https://www.denso.com/global/en/careers/,Own Portal
Marelli,Japan,https://www.marelli.com/careers,Own Portal
Sona Comstar,India,https://sonacomstar.com/careers,Own Portal
Uno Minda,India,https://www.unominda.com/careers,Own Portal
Mahindra Susten,India,https://www.mahindrasusten.com/careers,Own Portal
Tata AutoComp,India,https://www.tataautocomp.com/careers,Own Portal
Boeing,USA,https://jobs.boeing.com,Own Portal
Airbus,France,https://www.airbus.com/en/careers,Own Portal
Lockheed Martin,USA,https://www.lockheedmartin.com/en-us/careers.html,Own Portal
Northrop Grumman,USA,https://www.northropgrumman.com/careers,Own Portal
Raytheon RTX,USA,https://www.rtx.com/careers,Own Portal
General Dynamics,USA,https://www.gd.com/careers,Workday
BAE Systems,UK,https://www.baesystems.com/en/careers,Own Portal
Thales,France,https://careers.thalesgroup.com,Own Portal
Safran,France,https://www.safran-group.com/careers,Own Portal
Collins Aerospace,USA,https://careers.rtx.com,Own Portal
GE Aerospace,USA,https://careers.geaerospace.com,Own Portal
Rolls-Royce,UK,https://www.rolls-royce.com/careers,Workday
Hindustan Aeronautics,India,https://hal-india.co.in/careers,Own Portal
Bharat Electronics,India,https://bel-india.in/job-notifications/,Own Portal
DRDO,India,https://www.drdo.gov.in/careers,Own Portal
Anduril,USA,https://www.anduril.com/careers,Greenhouse
Shield AI,USA,https://www.shield.ai/careers,Greenhouse
Blue Origin,USA,https://www.blueorigin.com/careers,Workday
Rocket Lab,USA,https://www.rocketlabusa.com/careers,Greenhouse
Planet Labs,USA,https://www.planet.com/careers,Greenhouse
Maxar,USA,https://www.maxar.com/careers,Workday
Spire Global,USA,https://www.spire.com/careers,Workday
Relativity Space,USA,https://www.relativityspace.com/careers,Greenhouse
Virgin Galactic,USA,https://www.virgingalactic.com/careers,Workday
Cerebras,USA,https://www.cerebras.net/careers,Greenhouse
Groq,USA,https://www.groq.com/careers,Ashby
SambaNova,USA,https://www.sambanova.ai/careers,Greenhouse
Graphcore,UK,https://www.graphcore.ai/careers,Workday
Tenstorrent,Canada,https://www.tenstorrent.com/careers,Ashby
Ampere Computing,USA,https://www.amperecomputing.com/careers,Workday
Rambus,USA,https://www.rambus.com/careers,Workday
Skyworks,USA,https://www.skyworksinc.com/careers,Custom
Qorvo,USA,https://www.qorvo.com/careers,Custom
Wolfspeed,USA,https://www.wolfspeed.com/careers,Workday
ON Semiconductor,USA,https://www.onsemi.com/careers,Custom
Semtech,USA,https://www.semtech.com/careers,Workday
Monolithic Power,USA,https://www.monolithicpower.com/careers,Workday
Allegro Microsystems,USA,https://www.allegromicro.com/careers,Workday
Ambarella,USA,https://www.ambarella.com/careers,Workday
Imagination Technologies,UK,https://www.imaginationtech.com/careers/,Own Portal
Alphawave,UK,https://www.awaveip.com/careers,Own Portal
CEVA,USA,https://www.ceva-ip.com/careers,Own Portal
Achronix,USA,https://www.achronix.com/careers,Workday
Efinix,USA,https://www.efinixinc.com/careers,Own Portal
Mamaearth Honasa,India,https://www.honasa.in/careers,Own Portal
Sugar Cosmetics,India,https://www.sugarcosmetics.com/careers,Own Portal
Bewakoof,India,https://www.bewakoof.com/careers,Own Portal
The Souled Store,India,https://www.thesouledstore.com/careers,Own Portal
Snitch,India,https://www.snitch.co.in/careers,Own Portal
Bombay Shaving Company,India,https://www.bombayshavingcompany.com/careers,Own Portal
Wakefit,India,https://wakefit.co/careers,Custom
Sleepy Owl,India,https://www.sleepyowl.co/careers,Own Portal
Urban Ladder,India,https://www.urbanladder.com/careers,Own Portal
HomeLane,India,https://www.homelane.com/careers,Own Portal
Design Cafe,India,https://www.designcafe.com/careers,Own Portal
Betterhome,India,https://www.betterhomes.com/careers,Own Portal
Squareboat,India,https://www.squareboat.com/careers,Own Portal
Nestaway,India,https://www.nestaway.com/careers,Own Portal
Zolo Stays,India,https://www.zolostays.com/careers,Own Portal
Stanza Living,India,https://www.stanzaliving.com/careers,Own Portal
CoLive,India,https://www.colive.com/careers,Own Portal
Rentickle,India,https://www.rentickle.com/careers,Own Portal
Grab a Grub,India,https://www.grabagrub.com/careers,Own Portal
Loadshare Networks,India,https://www.loadshare.net/careers,Own Portal
Vamaship,India,https://www.vamaship.com/careers,Own Portal
Pickrr,India,https://www.pickrr.com/careers,Own Portal
Shipway,India,https://www.shipway.in/careers,Own Portal
Clickpost,India,https://www.clickpost.ai/careers,Own Portal
Unicommerce,India,https://www.unicommerce.com/careers,Own Portal
Increff,India,https://www.increff.com/careers,Own Portal
Browntape,India,https://www.browntape.com/careers,Own Portal
Vinculum,India,https://www.vinculumgroup.com/careers,Own Portal
Lohum,India,https://www.lohum.com/careers,Own Portal
Attero Recycling,India,https://www.attero.in/careers,Own Portal
Recykal,India,https://www.recykal.com/careers,Own Portal
Blupine,India,https://www.blupineenergy.com/careers,Own Portal
Revv,India,https://www.revv.co.in/careers,Own Portal
Park+,India,https://www.parkplus.io/careers,Own Portal
CarTrade Tech,India,https://www.cartrade.com/,Custom
OLX India,India,https://www.olx.in/careers,Own Portal
Bikewale,India,https://www.bikewale.com/careers,Own Portal
BikeDekho,India,https://www.bikedekho.com/careers,Own Portal
Autoninja,India,https://www.autoninja.com/careers,Own Portal
GoMechanic,India,https://www.gomechanic.in/careers,Own Portal
Pitstop,India,https://www.pitstop.co.in/careers,Own Portal
Mahindra Last Mile,India,https://www.mahindralastmilemobility.com/careers,Own Portal
Fasttrack Carsome,India,https://www.carsome.com/careers,Own Portal
Meritnation,India,https://www.meritnation.com/careers,Own Portal
Extramarks,India,https://www.extramarks.com/careers,Own Portal
Edureka,India,https://www.edureka.co/careers,Own Portal
Intellipaat,India,https://www.intellipaat.com/careers,Own Portal
Jigsaw Academy,India,https://www.jigsawacademy.com/careers,Own Portal
Imarticus,India,https://www.imarticus.org/careers,Own Portal
Almabetter,India,https://www.almabetter.com/careers,Own Portal
Pesto Tech,India,https://www.pesto.tech/careers,Own Portal
Crio.do,India,https://www.crio.do/careers,Own Portal
Geekster,India,https://www.geekster.in/careers,Own Portal
Board Infinity,India,https://www.boardinfinity.com/careers,Own Portal
Unstop,India,https://www.unstop.com/careers,Own Portal
Skillenza,India,https://www.skillenza.com/careers,Own Portal
Codingal,India,https://www.codingal.com/careers,Own Portal
Tinkerhub,India,https://www.tinkerhub.org/careers,Own Portal
Sunbird ED,India,https://www.sunbird.org/careers,Own Portal
Khan Academy,USA,https://www.khanacademy.org/careers,Greenhouse
ONDC,India,https://www.ondc.org/careers,Own Portal
Bhashini,India,https://www.bhashini.gov.in/careers,Own Portal
NPCI,India,https://www.npci.org.in/careers,Own Portal
UIDAI,India,https://www.uidai.gov.in/careers,Own Portal
CoWIN NHA,India,https://www.nha.gov.in/careers,Own Portal
Digital India Corporation,India,https://www.dic.gov.in/careers,Own Portal
Fabindia Tech,India,https://www.fabindia.com/careers,Custom
Titan Tech,India,https://www.titan.co.in/careers,Custom
Tanishq Digital,India,https://www.tanishq.co.in/careers,Own Portal
CaratLane,India,https://www.caratlane.com/careers,Own Portal
BlueStone,India,https://www.bluestone.com/careers,Own Portal
Giva,India,https://www.giva.co/careers,Own Portal
Palmonas,India,https://www.palmonas.com/careers,Own Portal
Sterling Holiday Tech,India,https://www.sterlingholidays.com/careers,Own Portal
Club Mahindra,India,https://www.clubmahindra.com/careers,Own Portal
Tata Consumer Digital,India,https://www.tataconsumer.com/careers,Own Portal
Haldiram Tech,India,https://www.haldirams.com/careers,Custom
Bira91,India,https://www.bira91.com/careers,Own Portal
Lava International,India,https://www.lavamobiles.com/careers,Own Portal
Micromax,India,https://www.micromaxinfo.com/careers,Own Portal
Karbonn,India,https://www.karbonnmobiles.com/careers,Own Portal
Dixon Technologies,India,https://www.dixoninfo.com/careers,Own Portal
Amber Enterprises,India,https://www.ambergroupindia.com/careers,Own Portal
Syrma SGS,India,https://www.syrmasgs.com/careers,Own Portal
Kaynes Technology,India,https://www.kaynestechnology.co.in/careers,Own Portal
Tata Electronics,India,https://www.tataelectronics.com/careers,Custom
Wistron India,India,https://www.wistron.com/careers,Own Portal
Pegatron India,India,https://www.pegatroncorp.com/en-us/careers,Own Portal
Bharat FIH,India,https://www.bharatfih.com/careers,Own Portal
Padget Electronics,India,https://www.padget.in/careers,Own Portal
VVDN Technologies,India,https://www.vvdn.com/careers,Own Portal
Cyient DLM,India,https://www.cyientdlm.com/careers,Own Portal
Data Patterns,India,https://www.datapatternsindia.com/careers,Own Portal
Astra Microwave,India,https://www.astramwp.com/careers,Own Portal
Zen Technologies,India,https://www.zentechnologies.com/careers,Own Portal
Paras Defence,India,https://www.parasdefence.com/careers,Own Portal
NewSpace Research,India,https://www.newspaceresearch.com/careers,Own Portal
Raphe mPhibr,India,https://www.raphe.com/careers,Own Portal
Aeron Systems,India,https://www.aeronsystems.com/careers,Own Portal
Big Bang Boom Solutions,India,https://www.bbbsolutions.com/careers,Own Portal
Thinkpalm,India,https://www.thinkpalm.com/careers,Own Portal
Kenvue Tech,USA,https://www.kenvue.com/careers,Workday
Pidilite Tech,India,https://www.pidilite.com/careers,Own Portal
Asian Paints Tech,India,https://www.asianpaints.com/careers,Workday
Havells Tech,India,https://www.havells.com/careers,Custom
Polycab,India,https://www.polycab.com/careers,Own Portal
Crompton,India,https://www.crompton.co.in/careers,Custom
Bajaj Electricals,India,https://www.bajajelectricals.com/careers,Custom
Voltas,India,https://www.voltas.com/careers,Own Portal
Blue Star,India,https://www.bluestarindia.com/careers,Workday
Whirlpool India,India,https://www.whirlpoolindia.com/careers,Custom
LG Electronics India,India,https://www.lg.com/global/careers,Own Portal
Sony India,India,https://www.sony.com/en/SonyInfo/Careers/,Own Portal
Daikin India,India,https://www.daikinindia.com/careers,Own Portal
Hitachi Energy India,India,https://www.hitachienergy.com/careers,Own Portal
Siemens Energy,Germany,https://www.siemens-energy.com/careers,Workday
Vestas,Denmark,https://www.vestas.com/careers,Workday
Suzlon,India,https://www.suzlon.com/careers,Own Portal
Waaree,India,https://www.waaree.com/careers,Custom
Premier Energies,India,https://www.premierenergies.com/careers,Own Portal
Adani Green,India,https://www.adanigreenenergy.com/careers,Own Portal
NTPC Digital,India,https://careers.ntpc.co.in,Own Portal
Power Grid,India,https://www.powergrid.in/careers,Own Portal
ONGC Digital,India,https://www.ongc.co.in/careers,Own Portal
Indian Oil Tech,India,https://www.iocl.com/careers,Own Portal
BPCL Digital,India,https://www.bharatpetroleum.in/careers,Own Portal
GAIL,India,https://www.gailonline.com/careers,Own Portal
Coal India,India,https://www.coalindia.in/careers,Own Portal
Steel Authority,India,https://www.sail.co.in/careers,Own Portal
Tata Steel Digital,India,https://www.tatasteel.com/careers,Own Portal
JSW Digital,India,https://www.jsw.in/careers,Custom
Hindalco Tech,India,https://www.hindalco.com/careers,Own Portal
Vedanta Digital,India,https://www.vedantalimited.com/careers,Custom
Ultratech Tech,India,https://www.ultratechcement.com/careers,Own Portal
Zerodha Tech,India,https://www.zerodha.tech/careers,Own Portal
Tickertape,India,https://www.tickertape.in/careers,Own Portal
Sensibull,India,https://www.sensibull.com/careers,Own Portal
Streak,India,https://www.streak.tech/careers,Own Portal
Univest,India,https://www.univest.in/careers,Own Portal
Vested Finance,India,https://www.vestedfinance.com/careers,Own Portal
Jiraaf,India,https://www.jiraaf.com/careers,Own Portal
GrowthSchool,India,https://www.growthschool.io/careers,Own Portal
Niyo,India,https://www.goniyo.com/careers,Own Portal
Fampay,India,https://www.fampay.in/careers,Own Portal
Kiwi Credit,India,https://www.gokiwi.in/careers,Own Portal
OneCard,India,https://www.getonecard.app/careers,Own Portal
Uni Pay,India,https://www.uni.club/careers,Own Portal
Scapia,India,https://www.scapia.cards/careers,Own Portal
Onecard FPL Technologies,India,https://www.fplabs.tech/careers,Own Portal
Rupeek,India,https://www.rupeek.com/careers,Own Portal
IIFL Finance Tech,India,https://www.iifl.com/careers,Custom
Muthoot Fincorp Tech,India,https://www.muthootfincorp.com/careers,Own Portal
Bajaj Capital,India,https://www.bajajcapital.com/careers,Own Portal
Coverfox,India,https://www.coverfox.com/careers,Own Portal
InsuranceDekho,India,https://www.insurancedekho.com/careers,Own Portal
RenewBuy,India,https://www.renewbuy.com/careers,Own Portal
Loop Health,India,https://www.loophealth.com/careers,Own Portal
Zopper,India,https://zopper.com/,Custom
Bima Pehchan,India,https://www.bimapehchan.com/careers,Own Portal
Sahi,India,https://www.sahi.com/careers,Own Portal
Mudrex,India,https://www.mudrex.com/careers,Own Portal
Giottus,India,https://www.giottus.com/careers,Own Portal
Unocoin,India,https://www.unocoin.com/careers,Own Portal
ZebPay,India,https://www.zebpay.com/careers,Own Portal
Biconomy,India,https://www.biconomy.io/careers,Ashby
Instadapp,India,https://www.instadapp.io/careers,Own Portal
Router Protocol,India,https://www.routerprotocol.com/careers,Own Portal
Hero Electric,India,https://www.heroelectric.com/careers,Own Portal
Okinawa Autotech,India,https://www.okinawascooters.com/careers,Own Portal
Revolt Motors,India,https://www.revoltmotors.in/careers,Own Portal
Matter Motor Works,India,https://www.matter.in/careers,Own Portal
Bounce Tech,India,https://www.bounceshare.com/careers,Own Portal
Zypp Electric,India,https://zyppelectric.com/careers,Custom
Battery Smart,India,https://www.batterysmart.in/careers,Own Portal
Sun Mobility,India,https://www.sunmobility.com/careers,Own Portal
Statiq,India,https://www.statiq.in/careers,Own Portal
ChargeZone,India,https://www.chargezone.co/careers,Own Portal
Servotech,India,https://www.servotech.in/careers,Own Portal
Exicom,India,https://www.exicom.in/careers,Own Portal
Delta Electronics India,India,https://www.deltaelectronicsindia.com/careers,Own Portal
Luminous,India,https://www.luminousindia.com/careers,Custom
Amara Raja,India,https://www.amararaja.com/careers,Custom
Vasudha Digital,India,https://www.vasudha.digital/careers,Own Portal
Everstone Tech,India,https://www.everstonegroup.com/careers,Own Portal
Cashify,India,https://www.cashify.in/careers,Own Portal
Xtracover,India,https://www.xtracover.com/careers,Own Portal
Servify,India,https://www.servify.tech/careers,Own Portal
OnsiteGo,India,https://www.onsitego.com/careers,Own Portal
Grey Orange,USA,https://www.greyorange.com/careers,Own Portal
Addverb,India,https://www.addverb.com/careers,Own Portal
CynLr,India,https://www.cynlr.com/careers,Own Portal
Ati Motors,India,https://www.atimotors.com/careers,Own Portal
Genrobotics,India,https://www.genrobotics.com/careers,Own Portal
Paytm Payments Bank,India,https://www.paytmbank.com/careers,Own Portal
Fino Payments Bank,India,https://www.finobank.com/careers,Own Portal
India Post Payments Bank,India,https://www.ippbonline.com/careers,Own Portal
Jio Payments Bank,India,https://www.jiopaymentsbank.com/careers,Own Portal
Equitas Tech,India,https://www.equitasbank.com/careers,Own Portal
AU Small Finance Bank Tech,India,https://www.aubank.in/careers,Own Portal
Bandhan Bank Tech,India,https://www.bandhanbank.com/careers,Custom
RBL Bank Tech,India,https://www.rblbank.com/careers,Own Portal
CSB Bank Tech,India,https://www.csb.co.in/careers,Own Portal
Federal Bank Tech,India,https://www.federalbank.co.in/careers,Custom
Karur Vysya Tech,India,https://www.kvb.co.in/careers,Own Portal
Bank of Baroda Tech,India,https://www.bankofbaroda.in/careers,Custom
Canara Bank Tech,India,https://www.canarabank.com/careers,Own Portal
Punjab National Bank Tech,India,https://www.pnbindia.in/careers,Own Portal
Union Bank Tech,India,https://www.unionbankofindia.co.in/english/careers.aspx,Government
Indian Bank Tech,India,https://www.indianbank.in/careers,Own Portal
Bank of India Tech,India,https://www.bankofindia.co.in/careers,Own Portal
CRIF High Mark,India,https://www.crifhighmark.com/careers,Own Portal
TransUnion CIBIL,India,https://www.transunioncibil.com/careers,Own Portal
Experian India,India,https://www.experian.in/careers,Own Portal
Equifax India,India,https://www.equifax.co.in/careers,Own Portal
Finbox,India,https://www.finbox.in/careers,Own Portal
Lentra,India,https://www.lentra.ai/careers,Own Portal
Cloud Kitchens India,India,https://www.cloudkitchens.com/careers,Greenhouse
Datavail,USA,https://www.datavail.com/careers,Own Portal
Dropbox Sign,USA,https://www.hellosign.com/careers,Own Portal
Coda,USA,https://www.coda.io/careers,Greenhouse
Linear,USA,https://www.linear.app/careers,Ashby
Retool,USA,https://www.retool.com/careers,Ashby
Vanta,USA,https://www.vanta.com/careers,Ashby
Drata,USA,https://www.drata.com/careers,Greenhouse
Secureframe,USA,https://www.secureframe.com/careers,Ashby
OneTrust,USA,https://www.onetrust.com/careers,Greenhouse
BigID,USA,https://www.bigid.com/careers,Greenhouse
Collibra,Belgium,https://www.collibra.com/careers,Greenhouse
Alation,USA,https://www.alation.com/careers,Greenhouse
Immuta,USA,https://www.immuta.com/careers,Greenhouse
Monte Carlo Data,USA,https://www.montecarlodata.com/careers,Greenhouse
Starburst,USA,https://www.starburst.io/careers,Greenhouse
Dremio,USA,https://www.dremio.com/careers,Greenhouse
ClickHouse,USA,https://www.clickhouse.com/careers,Ashby
SingleStore,USA,https://www.singlestore.com/careers,Greenhouse
Yugabyte,USA,https://www.yugabyte.com/careers,Greenhouse
TigerGraph,USA,https://www.tigergraph.com/careers,Greenhouse
Redpanda,USA,https://www.redpanda.com/careers,Greenhouse
Materialize,USA,https://www.materialize.com/careers,Ashby
Imply,USA,https://www.imply.io/careers,Greenhouse
StarTree,USA,https://www.startree.ai/careers,Greenhouse
Airbyte,USA,https://www.airbyte.com/careers,Ashby
Prefect,USA,https://www.prefect.io/careers,Ashby
Dagster Labs,USA,https://www.dagster.io/careers,Ashby
Astronomer,USA,https://www.astronomer.io/careers,Greenhouse
Harness,USA,https://www.harness.io/careers,Greenhouse
CircleCI,USA,https://www.circleci.com/careers,Greenhouse
LaunchDarkly,USA,https://www.launchdarkly.com/careers,Greenhouse
Split Software,USA,https://www.split.io/careers,Greenhouse
PostHog,USA,https://www.posthog.com/careers,Ashby
Sentry,USA,https://www.sentry.io/careers,Greenhouse
Honeycomb,USA,https://www.honeycomb.io/careers,Greenhouse
Chronosphere,USA,https://www.chronosphere.io/careers,Greenhouse
Cribl,USA,https://www.cribl.io/careers,Greenhouse
Logz.io,Israel,https://www.logz.io/careers,Greenhouse
Coralogix,Israel,https://www.coralogix.com/careers,Greenhouse
Observe Inc,USA,https://www.observeinc.com/careers,Greenhouse
Lightstep,USA,https://www.lightstep.com/careers,Greenhouse
Kong,USA,https://www.konghq.com/careers,Greenhouse
Apollo GraphQL,USA,https://www.apollographql.com/careers,Greenhouse
Prisma,USA,https://www.prisma.io/careers,Ashby
Temporal,USA,https://www.temporal.io/careers,Greenhouse
Camunda,Germany,https://www.camunda.com/careers,Greenhouse
Tyk,UK,https://www.tyk.io/careers,Own Portal
Stoplight,USA,https://www.stoplight.io/careers,Greenhouse
Swagger SmartBear,USA,https://www.smartbear.com/careers,Workday
Tricentis,USA,https://www.tricentis.com/careers,Greenhouse
Sauce Labs,USA,https://www.saucelabs.com/careers,Greenhouse
Applitools,USA,https://www.applitools.com/careers,Greenhouse
Mabl,USA,https://www.mabl.com/careers,Greenhouse
Katalon,USA,https://www.katalon.com/careers,Own Portal
Testsigma,India,https://www.testsigma.com/careers,Own Portal
Qyrus,India,https://www.qyrus.com/careers,Own Portal
Pcloudy,India,https://www.pcloudy.com/careers,Own Portal
HeadSpin,USA,https://www.headspin.io/careers,Greenhouse
Perforce,USA,https://www.perforce.com/careers,Workday
Jama Software,USA,https://www.jamasoftware.com/careers,Greenhouse
Copado,USA,https://www.copado.com/careers,Greenhouse
Gearset,UK,https://www.gearset.com/careers,Greenhouse
Provar,USA,https://www.provartesting.com/careers,Own Portal
Cloudbees,USA,https://www.cloudbees.com/careers,Greenhouse
Octopus Deploy,Australia,https://www.octopus.com/careers,Greenhouse
Spacelift,USA,https://www.spacelift.io/careers,Greenhouse
Pulumi,USA,https://www.pulumi.com/careers,Greenhouse
Env0,Israel,https://www.env0.com/careers,Greenhouse
Firefly,Israel,https://www.firefly.ai/careers,Greenhouse
Loft Labs,USA,https://www.loft.sh/careers,Greenhouse
Mirantis,USA,https://www.mirantis.com/careers,Greenhouse
Rancher SUSE,USA,https://www.rancher.com/careers,Own Portal
Platform9,USA,https://www.platform9.com/careers,Greenhouse
Portworx,USA,https://www.portworx.com/careers,Own Portal
Kasten Veeam,USA,https://www.kasten.io/careers,Own Portal
Solo.io,USA,https://www.solo.io/careers,Greenhouse
Tetrate,USA,https://www.tetrate.io/careers,Greenhouse
Isovalent,USA,https://www.isovalent.com/careers,Greenhouse
Aqua Security,Israel,https://www.aquasec.com/careers,Greenhouse
Sysdig,USA,https://www.sysdig.com/careers,Greenhouse
Orca Security,Israel,https://www.orca.security/careers,Greenhouse
Chainguard,USA,https://www.chainguard.dev/careers,Ashby
Tailscale,Canada,https://www.tailscale.com/careers,Greenhouse
Zerotier,USA,https://www.zerotier.com/careers,Own Portal
Twingate,USA,https://www.twingate.com/careers,Greenhouse
Netskope,USA,https://www.netskope.com/careers,Greenhouse
Menlo Security,USA,https://www.menlosecurity.com/careers,Greenhouse
Abnormal Security,USA,https://www.abnormalsecurity.com/careers,Greenhouse
Arctic Wolf,USA,https://www.arcticwolf.com/careers,Greenhouse
Expel,USA,https://www.expel.com/careers,Greenhouse
Red Canary,USA,https://www.redcanary.com/careers,Greenhouse
Huntress,USA,https://www.huntress.com/careers,Greenhouse
Recorded Future,USA,https://www.recordedfuture.com/careers,Greenhouse
Mandiant,USA,https://www.mandiant.com/careers,Workday
Coalfire,USA,https://www.coalfire.com/careers,Workday
Bishop Fox,USA,https://www.bishopfox.com/careers,Greenhouse
Trustwave,USA,https://www.trustwave.com/careers,Workday
NCC Group,UK,https://www.nccgroup.com/careers,Workday
F-Secure,Finland,https://www.f-secure.com/careers,Custom
Bitdefender,Romania,https://www.bitdefender.com/careers,Own Portal
ESET,Slovakia,https://www.eset.com/careers,Own Portal
Avast,Czechia,https://www.avast.com/careers,Workday
Acronis,Switzerland,https://www.acronis.com/careers,Greenhouse
Kape Technologies,UK,https://www.kape.com/careers,Own Portal
NordSecurity,Lithuania,https://www.nordsec.com/careers,Greenhouse
Surfshark,Netherlands,https://www.surfshark.com/careers,Own Portal
ProtonMail,Switzerland,https://www.proton.me/careers,Own Portal
Cisco Duo,USA,https://www.duo.com/careers,Workday
Absolutdata,India,https://www.absolutdata.com/careers,Own Portal
Crayon Data,India,https://www.crayondata.com/careers,Own Portal
Manthan Systems,India,https://www.manthan.com/careers,Own Portal
Indus Insights,India,https://www.indusinsights.com/careers,Own Portal
DataWeave,India,https://www.dataweave.com/careers,Own Portal
Bridgei2i,India,https://www.bridgei2i.com/careers,Own Portal
Marlabs,USA,https://www.marlabs.com/careers,Own Portal
Xebia,Netherlands,https://www.xebia.com/careers,Own Portal
Synerzip,India,https://www.synerzip.com/careers,Own Portal
Intellisense.io,UK,https://www.intellisense.io/careers,Own Portal
Adroitent,India,https://www.adroitent.com/careers,Own Portal
Josh Software,India,https://www.joshsoftware.com/careers,Own Portal
Simform,India,https://www.simform.com/careers,Own Portal
Daffodil Software,India,https://www.daffodilsw.com/careers,Own Portal
Iflexion,USA,https://www.iflexion.com/careers,Own Portal
Grid Dynamics,USA,https://www.griddynamics.com/careers,Workday
Softserve,Ukraine,https://www.softserveinc.com/careers,Own Portal
Intetics,USA,https://www.intetics.com/careers,Own Portal
Symphony Limited,India,https://www.symphonylimited.com/careers,Custom
IFB Industries,India,https://www.ifbindustries.com/,Custom
Orient Electric,India,https://www.orientelectric.com/,Custom
V-Guard Industries,India,https://www.vguard.in/,Custom
Bajaj Consumer Care,India,https://www.bajajconsumercare.com/careers,Custom
Centum Electronics,India,https://www.centumelectronics.com/,Custom
PG Electroplast,India,https://www.pgeel.com/careers,Custom
Elin Electronics,India,https://www.elinelectronics.com/careers,Custom
Avalon Technologies,India,https://www.avalontec.com/careers,Own Portal
Vishay Precision,USA,https://www.vishaypg.com/careers,Custom
Salzer Electronics,India,https://www.salzerelectronics.com/,Custom
GR Infraprojects,India,https://www.grinfra.com/,Custom
KEC International,India,https://www.kecrpg.com/careers,Custom
Kalpataru Power,India,https://www.kalpatarupower.com/careers,Custom
Techno Electric,India,https://www.tecind.com/careers,Custom
Skipper Limited,India,https://www.skipperlimited.com/careers,Custom
Sterlite Power,India,https://www.sterlitepower.com/,Custom
Genus Power Infrastructures,India,https://www.genuspower.com/careers,Custom
HBL Power Systems,India,https://www.hbl.in/,Custom
Amaron Batteries,India,https://www.amaronbatteries.com/careers,Custom
Su-Kam Power Systems,India,https://www.sukam.com/careers,Custom
Okaya Power,India,https://www.okayapower.com/careers,Custom
Microtek International,India,https://www.microtekdirect.com/,Custom
Livguard Energy,India,https://www.livguard.com/,Custom
Loom Solar,India,https://www.loomsolar.com/,Custom
Vikram Solar,India,https://www.vikramsolar.com/,Custom
Goldi Solar,India,https://www.goldigroup.com/careers,Custom
Websol Energy,India,https://www.websolenergysystem.com/careers,Custom
Insolation Energy,India,https://www.insolationindia.com/careers,Custom
Gensol Engineering,India,https://www.gensol.in/,Custom
KPI Green Energy,India,https://www.kpigreenenergy.com/careers,Custom
Sterling and Wilson,India,https://www.sterlingandwilsonre.com/careers,Custom
Ador Welding,India,https://www.adorwelding.com/careers,Custom
Elgi Equipments,India,https://www.elgi.com/careers,Custom
Greaves Cotton,India,https://www.greavescotton.com/,Custom
Kirloskar Oil Engines,India,https://www.kirloskaroilengines.com/careers,Custom
Cummins India,USA,https://www.cummins.com/careers,Own Portal
Thermax Limited,India,https://www.thermaxglobal.com/careers,Custom
Ingersoll Rand India,USA,https://www.irco.com/,Custom
Atlas Copco India,Sweden,https://www.atlascopco.com/careers,Custom
Kirloskar Brothers,India,https://www.kirloskarpumps.com/careers,Custom
KSB Pumps India,Germany,https://www.ksb.com/careers,Custom
Grundfos India,Denmark,https://www.grundfos.com/careers,Custom
WEG Electric India,Brazil,https://www.weg.net/careers,Custom
CG Power and Industrial,India,https://www.cgglobal.com/careers,Own Portal
Bharat Bijlee,India,https://www.bharatbijlee.com/,Custom
Triveni Turbine,India,https://www.trivenigroup.com/,Custom
BHEL,India,https://www.bhel.com/careers,Own Portal
Praj Industries,India,https://www.praj.net/careers,Custom
Ion Exchange,India,https://www.ionexchangeglobal.com/careers,Custom
Va Tech Wabag,India,https://www.wabag.com/careers,Custom
Wealthy,India,https://wealthy.in/careers,Custom
Wow! Momo,India,https://wowmomo.com/,Custom
ZunRoof,India,https://zunroof.com/careers,Custom
Zydus Lifesciences,India,https://www.zyduslife.com/,Custom
Zyro,India,https://zyro.com/careers,Custom
Zycus,India,https://www.zycus.com/careers,Custom
Aditya Birla Fashion & Retail,India,https://www.abfrl.com/careers,Custom
Aditya Birla Insurance Brokers,India,https://www.adityabirlainsurancebrokers.com/careers,Custom
Air India,India,https://www.airindia.com/careers,Workday
AirAsia India,India,https://www.airindiaexpress.in/careers,Workday
Airtel,India,https://careers.airtel.com,Own Portal
Amul,India,https://amul.com/careers,Custom
Anand Rathi Wealth,India,https://anandrathi.com/,Custom
Arvind Limited,India,https://www.arvind.com/careers,Workday
Bajaj Auto,India,https://www.bajajauto.com/careers,Own Portal
Balaji Telefilms,India,https://balajitelefilms.com/,Custom
Bata India,India,https://www.bata.in/careers,Custom
Berger Paints India,India,https://www.bergerpaints.com/careers,Custom
Bharti AXA Life Insurance,India,https://www.bharti-axalife.com/careers,Custom
Bharti Infratel (Indus Towers),India,https://www.industowers.com/careers,Workday
Biocon,India,https://www.biocon.com/careers,Workday
Birla Corporation,India,https://www.birlacorporation.com/,Custom
Blue Dart Express,India,https://www.bluedart.com/careers,Custom
Bombay Dyeing,India,https://bombaydyeing.com/,Custom
Britannia Industries,India,https://www.britannia.co.in/careers,Custom
Cadbury India (Mondelez),India,https://www.mondelezinternational.com/careers,Custom
Cadila Pharmaceuticals,India,https://www.cadilapharma.com/careers,Custom
CavinKare,India,https://www.cavinkare.com/careers,Custom
Cipla,India,https://www.cipla.com/careers,Workday
Clovia,India,https://clovia.com/,Custom
Colgate-Palmolive India,India,https://jobs.colgate.com/,Workday
CRISIL,India,https://www.crisil.com/en/home/careers.html,Workday
Dabur India,India,https://www.dabur.com/,Custom
Den Networks,India,https://www.dennetworks.com/careers,Custom
Dhani Services,India,https://www.dhani.com/,Custom
DLF Limited,India,https://www.dlf.in/careers,Workday
Dr. Reddy's,India,https://careers.drreddys.com/,Workday
DSP Mutual Fund,India,https://www.dspim.com/careers,Custom
DTDC Express,India,https://www.dtdc.com/,Custom
Eicher Motors,India,https://www.eicher.in/careers,Workday
EID Parry,India,https://www.eidparry.com/careers,Custom
EIH Limited (Oberoi Hotels),India,https://www.oberoihotels.com/careers,Custom
Emami Limited,India,https://www.emamiltd.in/,Custom
Escorts Kubota,India,https://www.escortsgroup.com/careers,Workday
Edelweiss Group,India,https://www.edelweissfin.com/careers,Custom
Emcure Pharma,India,https://www.emcure.com/careers,Custom
Endurance Technologies,India,https://www.endurancegroup.com/careers,Own Portal
Engineers India Limited (EIL),India,https://engineersindia.com/careers,Custom
Eveready Industries,India,https://www.evereadyindia.com/,Custom
Finolex Cables,India,https://www.finolex.com/careers,Custom
Fortis Healthcare,India,https://www.fortishealthcare.com/careers,Custom
Aarti Industries,India,https://www.aartiindustries.com/careers,Custom
Abbott India,India,https://www.abbott.com/careers,Workday
Adani Ports,India,https://www.adaniports.com/careers,Custom
Adani Power,India,https://www.adanipower.com/careers,Workday
Adani Transmission,India,https://www.adanitransmission.com/careers,Workday
Adani Wilmar,India,https://www.adaniwilmar.com/,Custom
Adobe India,India,https://adobe.wd5.myworkdayjobs.com/en-US/external_experienced,Workday
Aegon Life Insurance,India,https://www.aegonlife.com/careers,Custom
Ajanta Pharma,India,https://www.ajantapharma.com/,Custom
AkzoNobel India,India,https://www.akzonobel.com/en/careers,Workday
Alembic Pharmaceuticals,India,https://www.alembicpharmaceuticals.com/careers,Custom
Allcargo Logistics,India,https://www.allcargologistics.com/careers,Custom
Ambuja Cements,India,https://www.ambujacement.com/careers,Workday
Lupin Pharmaceuticals,India,https://www.lupin.com/careers,Workday
Lux Industries,India,https://www.luxinnerwear.com/careers,Custom
Marico Limited,India,https://www.marico.com/careers,Custom
Maruti Suzuki India,India,https://www.marutisuzuki.com/corporate/careers,Custom
Max Healthcare,India,https://www.maxhealthcare.in/careers,Custom
Muthoot Finance,India,https://www.muthootgroup.com/careers,Custom
Infosys BPM,India,https://www.infosysbpm.com/careers,Custom
Mindtree,India,https://www.mindtree.com/careers,Custom
FSS Technologies,India,https://www.fsstech.com/careers,Custom
Karvy Fintech,India,https://www.kfintech.com/,Custom
CDSL,India,https://www.cdslindia.com/,Custom
NSDL,India,https://www.nsdl.co.in/careers,Custom
BSE Limited,India,https://www.bseindia.com/careers,Custom
NSE India,India,https://www.nseindia.com/,Custom
MCX India,India,https://www.mcxindia.com/careers,Custom
CAMS,India,https://www.camsonline.com/careers,Custom
Karvy Stock Broking,India,https://www.karvy.com/careers,Custom
Motilal Oswal,India,https://www.motilaloswal.com/careers,Custom
JM Financial,India,https://www.jmfl.com/careers,Custom
IIFL Securities,India,https://www.iiflsecurities.com/careers,Custom
Geojit Financial,India,https://www.geojit.com/,Custom
Sharekhan,India,https://www.sharekhan.com/careers,Custom
Kotak Securities,India,https://www.kotaksecurities.com/,Custom
HDFC Securities,India,https://www.hdfcsec.com/careers,Custom
ICICI Securities,India,https://www.icicisecurities.com/careers,Custom
Axis Securities,India,https://www.axisdirect.in/,Custom
SBI Securities,India,https://www.sbisecurities.in/careers,Custom
Yes Securities,India,https://www.yessecurities.in/careers,Custom
Prabhudas Lilladher,India,https://www.plindia.com/careers,Custom
Emkay Global,India,https://www.emkayglobal.com/careers,Custom
Nirmal Bang,India,https://www.nirmalbang.com/,Custom
SMC Global,India,https://www.smcindiaonline.com/careers,Custom
Choice International,India,https://www.choiceindia.com/,Custom
Ventura Securities,India,https://www.ventura1.com/careers,Custom
Religare Broking,India,https://www.religareonline.com/,Custom
Reliance Securities,India,https://www.reliancesecurities.com/careers,Custom
Master Trust Group,India,https://www.mastertrust.co.in/,Custom
LKP Securities,India,https://www.lkpsec.com/careers,Custom
Way2Wealth,India,https://www.way2wealth.com/careers,Custom
Globe Capital,India,https://www.globecapital.com/careers,Custom
Tradebulls Securities,India,https://www.tradebulls.in/careers,Custom
IIFL Wealth,India,https://www.iiflwealth.com/careers,Custom
360 One Wealth,India,https://www.360.one/,Custom
Waterfield Advisors,India,https://www.waterfieldadvisors.com/careers,Custom
Julius Baer India,Switzerland,https://www.juliusbaer.com/careers,Custom
LGT Wealth India,India,https://www.lgt.com/careers,Custom
Client Associates,India,https://www.clientassociates.com/careers,Custom
Sanctum Wealth,India,https://www.sanctumwealth.com/careers,Custom
Centrum Group,India,https://www.centrum.co.in/careers,Custom
Fedbank Financial,India,https://www.fedfina.com/careers,Custom
Home First Finance,India,https://www.homefirstindia.com/careers,Custom
Aavas Financiers,India,https://www.aavas.in/careers,Custom
Aptus Value Housing,India,https://www.aptusindia.com/,Custom
Can Fin Homes,India,https://www.canfinhomes.com/careers,Custom
Repco Home Finance,India,https://www.repcohome.com/careers,Custom
Indiabulls Housing Finance,India,https://www.indiabullshomeloans.com/careers,Custom
PNB Housing Finance,India,https://www.pnbhousing.com/careers,Custom
LIC Housing Finance,India,https://www.lichousing.com/careers,Custom
GIC Housing Finance,India,https://www.gichfindia.com/,Custom
Shriram Finance,India,https://www.shriramfinance.in/careers,Custom
Cholamandalam Investment,India,https://www.cholamandalam.com/careers,Custom
L&T Finance,India,https://www.ltfinance.com/careers,Custom
Tata Capital,India,https://www.tatacapital.com/careers,Custom
Piramal Enterprises,India,https://www.piramal.com/,Custom
Poonawalla Fincorp,India,https://www.poonawallafincorp.com/,Custom
Manappuram Finance,India,https://www.manappuram.com/careers,Custom
Muthoot Capital,India,https://www.muthootcap.com/careers,Custom
Spandana Sphoorty,India,https://www.spandanasphoorty.com/careers,Custom
CreditAccess Grameen,India,https://www.creditaccessgrameen.in/careers,Custom
Ujjivan Financial,India,https://www.ujjivan.com/careers,Custom
Satin Creditcare,India,https://www.satincreditcare.com/careers,Custom
Arohan Financial,India,https://www.arohan.in/careers,Custom
Fusion Microfinance,India,https://www.fusionmicrofinance.com/careers,Custom
Annapurna Finance,India,https://www.apmfin.com/careers,Custom
Equitas Holdings,India,https://www.equitas.in/careers,Custom
Utkarsh Small Finance Bank,India,https://www.utkarshbank.com/careers,Custom
ESAF Small Finance Bank,India,https://www.esafbank.com/careers,Custom
Suryoday Small Finance Bank,India,https://www.suryodaybank.com/careers,Custom
Jana Small Finance Bank,India,https://www.janabank.com/,Custom
North East Small Finance Bank,India,https://www.nesfb.com/careers,Custom
Capital Small Finance Bank,India,https://www.capitalbank.co.in/careers,Custom
Shivalik Small Finance Bank,India,https://www.shivalikbank.com/careers,Custom
Unity Small Finance Bank,India,https://www.unitybank.co.in/,Custom
Sun Pharmaceutical,India,https://www.sunpharma.com/careers,Custom
Divi's Laboratories,India,https://www.divislabs.com/,Custom
Torrent Pharmaceuticals,India,https://www.torrentpharma.com/careers,Custom
Glenmark Pharmaceuticals,India,https://www.glenmarkpharma.com/,Custom
Alkem Laboratories,India,https://www.alkemlabs.com/,Custom
Aurobindo Pharma,India,https://www.aurobindo.com/careers,Custom
Ipca Laboratories,India,https://www.ipca.com/careers,Custom
Natco Pharma,India,https://www.natcopharma.co.in/,Custom
Laurus Labs,India,https://www.lauruslabs.com/,Custom
Granules India,India,https://www.granulesindia.com/careers,Custom
Strides Pharma,India,https://www.stridespharma.com/careers,Custom
Wockhardt,India,https://www.wockhardt.com/careers,Custom
Piramal Pharma,India,https://www.piramalpharma.com/careers,Custom
Zydus Wellness,India,https://www.zyduswellness.in/careers,Custom
Eris Lifesciences,India,https://www.erislifesciences.com/careers,Custom
JB Chemicals,India,https://www.jbchemicals.com/,Custom
FDC Limited,India,https://www.fdcindia.com/,Custom
Indoco Remedies,India,https://www.indoco.com/,Custom
Marksans Pharma,India,https://www.marksanspharma.com/,Custom
Suven Pharmaceuticals,India,https://www.suvenpharm.com/,Custom
Gland Pharma,India,https://www.gland.in/careers,Custom
Syngene International,India,https://www.syngeneintl.com/careers,Custom
Jubilant Pharmova,India,https://www.jubilantpharmova.com/,Custom
Jubilant Ingrevia,India,https://www.jubilantingrevia.com/careers,Custom
Neuland Laboratories,India,https://www.neulandlabs.com/careers,Custom
Solara Active Pharma,India,https://www.solara.co.in/careers,Custom
Sequent Scientific,India,https://www.sequent.in/careers,Custom
Caplin Point Laboratories,India,https://www.caplinpoint.net/,Custom
Shilpa Medicare,India,https://www.shilpamedicare.com/careers,Custom
Aarti Pharmalabs,India,https://www.aartipharmalabs.com/,Custom
Concord Biotech,India,https://www.concordbiotech.com/careers,Custom
Windlas Biotech,India,https://www.windlasbiotech.com/,Custom
Rainbow Children's Hospital,India,https://www.rainbowhospitals.in/careers,Custom
Narayana Health,India,https://www.narayanahealth.org/,Custom
Krishna Institute of Medical Sciences,India,https://www.kimshospitals.com/careers,Custom
Global Health (Medanta),India,https://www.medanta.org/careers,Custom
Aster DM Healthcare,India,https://www.asterdmhealthcare.com/,Custom
Yatharth Hospital,India,https://www.yatharthhospital.com/careers,Custom
Shalby Hospitals,India,https://www.shalby.org/careers,Custom
HealthCare Global (HCG),India,https://www.hcgel.com/careers,Custom
Metropolis Healthcare,India,https://www.metropolisindia.com/careers,Custom
Dr Lal PathLabs,India,https://www.lalpathlabs.com/,Custom
Thyrocare Technologies,India,https://www.thyrocare.com/careers,Custom
Vijaya Diagnostic Centre,India,https://www.vijayadiagnostic.com/careers,Custom
Poly Medicure,India,https://www.polymedicure.com/careers,Custom
Healthium Medtech,India,https://www.healthiummedtech.com/careers,Custom
Trivitron Healthcare,India,https://www.trivitron.com/careers,Custom
Skanray Technologies,India,https://www.skanray.com/,Custom
Opto Circuits,India,https://www.optocircuits.com/,Custom
Meril Life Sciences,India,https://www.merillife.com/careers,Custom
Sahyadri Hospitals,India,https://www.sahyadrihospital.com/careers,Custom
Manipal Hospitals,India,https://www.manipalhospitals.com/,Custom
Columbia Asia Hospitals,India,https://www.columbiaasia.com/careers,Custom
Care Hospitals,India,https://www.carehospitals.com/careers,Custom
Continental Hospitals,India,https://www.continentalhospitals.com/,Custom
KIMS Hospitals,India,https://www.kimshealth.org/careers,Custom
Ruby Hall Clinic,India,https://www.rubyhall.com/,Custom
Jaslok Hospital,India,https://www.jaslokhospital.net/careers,Custom
Lilavati Hospital,India,https://www.lilavatihospital.com/careers,Custom
Kokilaben Hospital,India,https://www.kokilabenhospital.com/careers,Custom
Breach Candy Hospital,India,https://www.breachcandyhospital.org/careers,Custom
Tata Memorial,India,https://www.tmc.gov.in/careers,Custom
AIIMS Delhi,India,https://www.aiims.edu/,Custom
PGIMER Chandigarh,India,https://www.nims.edu.in/careers,Custom
CMC Vellore,India,https://www.cmch-vellore.edu/careers,Custom
Sankara Nethralaya,India,https://www.sankaranethralaya.org/,Custom
Centre for Sight,India,https://www.centreforsight.net/,Custom
Dr Agarwal's Eye Hospital,India,https://www.dragarwal.com/careers,Custom
Vasan Eye Care,India,https://www.vasaneyecare.com/careers,Custom
ITC Limited,India,https://www.itcportal.com/careers,Custom
Nestle India,India,https://www.nestle.in/careers,Custom
GSK Consumer Healthcare India,India,https://www.gsk.com/careers,Custom
Procter & Gamble India,India,https://www.pg.com/careers,Custom
Colgate-Palmolive,USA,https://www.colgatepalmolive.com/careers,Custom
Reckitt Benckiser India,India,https://www.reckitt.com/careers,Custom
Godrej Consumer Products,India,https://www.godrejcp.com/careers,Custom
Godrej Industries,India,https://www.godrejindustries.com/careers,Custom
Patanjali Ayurved,India,https://www.patanjaliayurved.net/,Custom
Jyothy Labs,India,https://www.jyothylabs.com/careers,Custom
VBL (Varun Beverages),India,https://www.varunbeverages.com/,Custom
United Spirits,India,https://www.unitedspirits.in/careers,Custom
United Breweries,India,https://www.unitedbreweries.com/careers,Custom
Radico Khaitan,India,https://www.radicokhaitan.com/careers,Custom
Tilaknagar Industries,India,https://www.tilaknagarindustries.com/careers,Custom
Globus Spirits,India,https://www.globusspirits.com/,Custom
Coca-Cola India,India,https://www.coca-colaindia.com/careers,Custom
PepsiCo India,India,https://www.pepsico.in/careers,Custom
Parle Products,India,https://www.parleproducts.com/careers,Custom
Nestle Global,Switzerland,https://www.nestle.com/careers,Custom
Mars Wrigley India,USA,https://www.mars.com/careers,Custom
Ferrero India,Italy,https://www.ferrero.com/careers,Custom
Perfetti Van Melle India,Italy,https://www.perfettivanmelle.com/careers,Custom
MTR Foods,India,https://www.mtrfoods.com/careers,Custom
Bikaji Foods,India,https://www.bikaji.com/careers,Custom
DFM Foods,India,https://www.dfmfoods.com/careers,Custom
Prataap Snacks,India,https://www.prataapsnacks.com/careers,Custom
Bambino Agro,India,https://www.bambinoagro.com/,Custom
Ruchi Soya (Patanjali Foods),India,https://www.patanjalifoods.com/,Custom
Gujarat Ambuja Exports,India,https://www.ambujagroup.com/careers,Custom
KRBL Limited,India,https://www.krbl.com/careers,Custom
LT Foods,India,https://www.ltgroup.in/careers,Custom
Kaveri Seed Company,India,https://www.kaveriseed.in/careers,Custom
Rallis India,India,https://www.rallis.co.in/careers,Custom
UPL Limited,India,https://www.upl-ltd.com/careers,Custom
PI Industries,India,https://www.piind.com/careers,Custom
Bayer CropScience India,Germany,https://www.bayer.com/careers,Custom
Syngenta India,Switzerland,https://www.syngenta.com/careers,Custom
BASF India,Germany,https://www.basf.com/careers,Custom
Coromandel International,India,https://www.coromandel.biz/careers,Custom
Chambal Fertilisers,India,https://www.chambalfertilisers.com/,Custom
GSFC Limited,India,https://www.gsfclimited.com/careers,Custom
Deepak Fertilisers,India,https://www.deepakfert.com/careers,Custom
National Fertilizers,India,https://www.nfl.co.in/careers,Custom
Rashtriya Chemicals,India,https://www.rcfltd.com/careers,Custom
Gujarat Narmada Valley Fertilizers,India,https://www.gnfc.in/careers,Custom
Nagarjuna Fertilizers,India,https://www.nagarjunagroup.com/careers,Custom
IFFCO,India,https://www.iffco.in/careers,Custom
Krishak Bharati Cooperative,India,https://www.kribhco.net/,Custom
Zuari Agro Chemicals,India,https://www.zuari.in/,Custom
Reliance Industries,India,https://www.ril.com/careers,Custom
Vedanta Resources,India,https://www.vedantaresources.com/,Custom
Hindustan Zinc,India,https://www.hzlindia.com/,Custom
NALCO,India,https://www.nalcoindia.com/careers,Custom
MOIL Limited,India,https://www.moil.nic.in/careers,Custom
Hindustan Copper,India,https://www.hindustancopper.com/,Custom
NMDC Limited,India,https://www.nmdc.co.in/careers,Custom
Vedanta Aluminium,India,https://www.vedantaaluminium.com/careers,Custom
Jindal Steel & Power,India,https://www.jindalsteelpower.com/careers,Custom
Jindal Stainless,India,https://www.jindalstainless.com/careers,Custom
APL Apollo Tubes,India,https://www.apollopipes.com/,Custom
Ratnamani Metals,India,https://www.ratnamani.com/careers,Custom
Welspun Corp,India,https://www.welspuncorp.com/,Custom
Man Industries,India,https://www.maninds.com/careers,Custom
Maharashtra Seamless,India,https://www.mahaseamless.com/careers,Custom
Kalyani Steels,India,https://www.kalyanisteels.com/,Custom
Shyam Metalics,India,https://www.shyammetalics.com/careers,Custom
Electrosteel Castings,India,https://www.electrosteelcastings.com/careers,Custom
Tata BlueScope Steel,India,https://www.tatabluescopesteel.com/careers,Custom
ACC Limited,India,https://www.acclimited.com/,Custom
Shree Cement,India,https://www.shreecement.com/careers,Custom
Dalmia Bharat,India,https://www.dalmiabharat.com/careers,Custom
JK Cement,India,https://www.jkcement.com/,Custom
India Cements,India,https://www.indiacements.co.in/,Custom
Ramco Cements,India,https://www.ramcocements.in/,Custom
Heidelberg Cement India,Germany,https://www.heidelbergcement.com/careers,Custom
Star Cement,India,https://www.starcement.co.in/careers,Custom
Orient Cement,India,https://www.orientcement.com/careers,Custom
Nuvoco Vistas,India,https://www.nuvoco.com/careers,Custom
Prism Johnson,India,https://www.prismjohnson.in/,Custom
Sagar Cements,India,https://www.sagarcements.in/careers,Custom
NCC Limited,India,https://www.ncclimited.com/,Custom
GMR Group,India,https://www.gmrgroup.in/careers,Custom
GVK Power,India,https://www.gvk.com/careers,Custom
IRB Infrastructure,India,https://www.irb.co.in/,Custom
IL&FS Transportation,India,https://www.itnlindia.com/,Custom
Dilip Buildcon,India,https://www.dilipbuildcon.com/,Custom
KNR Constructions,India,https://www.knrcl.com/,Custom
PNC Infratech,India,https://www.pncinfratech.com/,Custom
HG Infra Engineering,India,https://www.hginfra.com/,Custom
Ashoka Buildcon,India,https://www.ashokabuildcon.com/,Custom
Sadbhav Engineering,India,https://www.sadbhaveng.com/careers,Custom
Rites Limited,India,https://www.rites.com/careers,Custom
IRCON International,India,https://www.ircon.org/,Custom
NBCC India,India,https://www.nbccindia.com/careers,Custom
NCC Urban Infrastructure,India,https://www.nccltd.in/,Custom
Godrej Properties,India,https://www.godrejproperties.com/,Custom
Oberoi Realty,India,https://www.oberoirealty.com/careers,Custom
Prestige Estates,India,https://www.prestigeconstructions.com/careers,Custom
Brigade Group,India,https://www.brigadegroup.com/careers,Custom
Sobha Limited,India,https://www.sobha.com/careers,Custom
Phoenix Mills,India,https://www.thephoenixmills.com/careers,Custom
Macrotech Developers (Lodha),India,https://www.lodhagroup.in/careers,Custom
Mahindra Lifespaces,India,https://www.mahindralifespaces.com/careers,Custom
Sunteck Realty,India,https://www.sunteckindia.com/careers,Custom
Puravankara,India,https://www.puravankara.com/careers,Custom
IndiGo Airlines,India,https://www.goindigo.in/careers,Custom
SpiceJet,India,https://www.spicejet.com/careers,Custom
Akasa Air,India,https://www.akasaair.com/careers,Custom
Vistara,India,https://www.airvistara.com/careers,Custom
Alliance Air,India,https://www.allianceair.in/careers,Custom
TruJet,India,https://www.trujet.com/careers,Custom
Star Air,India,https://www.starair.in/careers,Custom
FlyBig,India,https://www.flybig.in/careers,Custom
Spice Xpress,India,https://www.spicexpress.com/,Custom
Quikjet Cargo,India,https://www.quikjet.in/careers,Custom
Celebi Aviation,Turkey,https://www.celebiaviation.com/,Custom
GMR Airports,India,https://www.gmrairports.com/careers,Custom
Adani Airport Holdings,India,https://www.adaniairports.com/careers,Custom
Bangalore International Airport,India,https://www.bengaluruairport.com/careers,Custom
Delhi International Airport,India,https://www.newdelhiairport.in/careers,Custom
Mumbai International Airport,India,https://www.csmia.aero/careers,Custom
Hyderabad International Airport,India,https://www.hyderabad.aero/careers,Custom
Cochin International Airport,India,https://www.cial.aero/careers,Custom
Airports Authority of India,India,https://www.aai.aero/,Custom
Container Corporation of India,India,https://www.concorindia.co.in/careers,Custom
Shipping Corporation of India,India,https://www.shipindia.com/,Custom
Gujarat Pipavav Port,India,https://www.pipavavport.com/careers,Custom
JNPT (Jawaharlal Nehru Port),India,https://www.jnport.gov.in/careers,Custom
Mumbai Port Trust,India,https://www.mumbaiport.gov.in/careers,Custom
Cochin Shipyard,India,https://www.cochinshipyard.in/careers,Custom
Mazagon Dock Shipbuilders,India,https://www.mazagondock.in/careers,Custom
Garden Reach Shipbuilders,India,https://www.grse.in/careers,Custom
Goa Shipyard,India,https://www.goashipyard.in/careers,Custom
Hindustan Shipyard,India,https://www.hslvizag.in/careers,Custom
Bharati Defence,India,https://www.bhartishipyard.com/careers,Custom
Container Traders,India,https://www.containertraders.com/,Custom
Aegis Logistics,India,https://www.aegisindia.com/,Custom
Gateway Distriparks,India,https://www.gateway-distriparks.com/careers,Custom
TCI Express,India,https://www.tciexpress.in/careers,Custom
VRL Logistics,India,https://www.vrllogistics.com/,Custom
Mahindra Logistics,India,https://www.mahindralogistics.com/careers,Custom
Allcargo Gati,India,https://www.gati.com/careers,Custom
Safexpress,India,https://www.safexpress.com/careers,Custom
DHL India,Germany,https://www.dhl.com/careers,Custom
FedEx India,USA,https://www.fedex.com/careers,Custom
DTDC Courier,India,https://www.dtdc.in/careers,Custom
Professional Couriers,India,https://www.tpcindia.com/,Custom
First Flight Couriers,India,https://www.firstflight.net/careers,Custom
Overnite Express,India,https://www.overnite.co.in/careers,Custom
Trackon Couriers,India,https://www.trackon.com/,Custom
UPS India,USA,https://www.ups.com/careers,Custom
Aramex India,UAE,https://www.aramex.com/careers,Custom
DP World India,UAE,https://www.dpworld.com/careers,Custom
Zee Entertainment,India,https://www.zeenews.india.com/careers,Custom
Sun TV Network,India,https://www.suntv.in/,Custom
TV18 Broadcast,India,https://www.tv18.in/,Custom
Network18,India,https://www.network18.com/careers,Custom
NDTV,India,https://www.ndtv.com/careers,Custom
Times Network,India,https://www.timesnetwork.tv/careers,Custom
India Today Group,India,https://www.indiatoday.in/,Custom
ABP Network,India,https://www.abplive.com/careers,Custom
Republic Media Network,India,https://www.republicworld.com/careers,Custom
News18,India,https://www.news18.com/,Custom
The Hindu Group,India,https://www.thehindugroup.com/,Custom
Hindustan Times,India,https://www.hindustantimes.com/,Custom
Times of India (BCCL),India,https://www.timesgroup.com/careers,Custom
Dainik Bhaskar Group,India,https://www.bhaskar.com/,Custom
Jagran Prakashan,India,https://www.jagran.com/,Custom
Amar Ujala,India,https://www.amarujala.com/careers,Custom
HT Media,India,https://www.htmedia.in/,Custom
Living Media India,India,https://www.indiatodaygroup.com/careers,Custom
Balaji Motion Pictures,India,https://www.balajimotionpictures.com/careers,Custom
Yash Raj Films,India,https://www.yashrajfilms.com/careers,Custom
Dharma Productions,India,https://www.dharmamovies.com/careers,Custom
T-Series,India,https://www.tseries.in/careers,Custom
Excel Entertainment,India,https://www.excelentertainment.co.in/careers,Custom
Red Chillies Entertainment,India,https://www.redchillies.com/,Custom
Maddock Films,India,https://www.maddockfilms.com/,Custom
PVR Inox,India,https://www.pvrinox.com/careers,Custom
Carnival Cinemas,India,https://www.carnivalcinemas.com/careers,Custom
Miraj Cinemas,India,https://www.mirajcinemas.com/careers,Custom
Cinepolis India,Mexico,https://www.cinepolisindia.com/careers,Custom
Raymond Limited,India,https://www.raymond.in/careers,Custom
Arvind Fashions,India,https://www.arvindfashions.com/careers,Custom
Page Industries,India,https://www.jockeyindia.com/,Custom
Trent Limited,India,https://www.trentlimited.com/,Custom
Shoppers Stop,India,https://www.shoppersstop.com/,Custom
V-Mart Retail,India,https://www.vmartretail.com/,Custom
V2 Retail,India,https://www.v2retail.com/,Custom
Vishal Mega Mart,India,https://www.vishalmegamart.com/,Custom
Reliance Trends,India,https://www.reliancetrends.com/,Custom
Max Fashion,India,https://www.maxfashion.com/,Custom
Lifestyle International,India,https://www.lifestylestores.com/,Custom
Central (Future Group),India,https://www.centralandme.com/,Custom
Pantaloons,India,https://www.pantaloons.com/,Custom
Westside (Trent),India,https://www.westside.com/,Custom
Zudio,India,https://www.zudio.com/,Custom
FBB Fashion,India,https://www.fbb.com/careers,Custom
Metro Shoes,India,https://www.metroshoes.com/,Custom
Relaxo Footwears,India,https://www.relaxofootwear.com/careers,Custom
Liberty Shoes,India,https://www.libertyshoes.com/careers,Custom
Khadims,India,https://www.khadims.com/careers,Custom
Mochi Shoes,India,https://www.mochishoes.com/careers,Custom
Woodland Worldwide,India,https://www.woodlandworldwide.com/,Custom
Campus Shoes,India,https://www.campusshoes.com/,Custom
Sparx Shoes,India,https://www.sparx.co.in/careers,Custom
Kalyan Jewellers,India,https://www.kalyanjewellers.net/,Custom
Malabar Gold and Diamonds,India,https://www.malabargoldanddiamonds.com/careers,Custom
Joyalukkas,India,https://www.joyalukkas.com/,Custom
PC Jeweller,India,https://www.pcjeweller.com/,Custom
Senco Gold,India,https://www.sencogoldanddiamonds.com/,Custom
Thangamayil Jewellery,India,https://www.thangamayil.com/,Custom
Vaibhav Global,India,https://www.vaibhavglobal.com/careers,Custom
Rajesh Exports,India,https://www.rajeshexports.com/careers,Custom
Renaissance Global,India,https://www.renaissanceglobal.com/,Custom
IIFL Home Finance,India,https://www.iiflhomeloans.com/careers,Custom
W for Woman,India,https://www.wforwoman.com/careers,Custom
Biba Apparels,India,https://www.biba.in/careers,Custom
Global Desi,India,https://www.globaldesi.in/careers,Custom
Aurelia Clothing,India,https://www.aurelia.in/,Custom
Manyavar (Vedant Fashions),India,https://www.manyavar.com/,Custom
Van Heusen,India,https://www.vanheusenindia.com/careers,Custom
Allen Solly,India,https://www.allensolly.com/careers,Custom
Peter England,India,https://www.peterengland.com/careers,Custom
Louis Philippe,India,https://www.louisphilippe.com/careers,Custom
US Polo Assn India,USA,https://www.uspoloassociation.com/careers,Custom
Levi Strauss India,USA,https://www.levi.com/careers,Custom
Zara India (Inditex Trent),Spain,https://www.zara.com/,Custom
Uniqlo India,Japan,https://www.uniqlo.com/careers,Custom
Marks & Spencer India,UK,https://www.marksandspencer.com/careers,Custom
Decathlon India,France,https://www.decathlon.in/careers,Custom
Metro Cash & Carry India,Germany,https://www.metro.co.in/careers,Custom
Spencer's Retail,India,https://www.spencers.in/,Custom
Star Bazaar (Tata),India,https://www.starquik.com/,Custom
More Retail (Amazon),India,https://www.more.co.in/,Custom
Nature's Basket,India,https://www.naturesbasket.co.in/,Custom
Expedia Group,USA,https://www.expediagroup.com/careers,Custom
Marriott International,USA,https://www.marriott.com/careers,Custom
Hilton Worldwide,USA,https://www.hilton.com/careers,Custom
Hyatt Hotels,USA,https://www.hyatt.com/careers,Custom
InterContinental Hotels Group,UK,https://www.ihg.com/careers,Custom
Accor,France,https://www.group.accor.com/careers,Custom
Wyndham Hotels,USA,https://www.wyndhamhotels.com/careers,Custom
Choice Hotels,USA,https://www.choicehotels.com/careers,Custom
Radisson Hotel Group,USA,https://www.radissonhotels.com/careers,Custom
Taj Hotels (IHCL),India,https://www.ihcltata.com/careers,Custom
ITC Hotels,India,https://www.itchotels.com/,Custom
Lemon Tree Hotels,India,https://www.lemontreehotels.com/careers,Custom
Leela Palaces,India,https://www.theleela.com/careers,Custom
Sarovar Hotels,India,https://www.sarovarhotels.com/careers,Custom
Ginger Hotels,India,https://www.gingerhotels.com/careers,Custom
Fairmont Raffles,Canada,https://www.fairmont.com/,Custom
Four Seasons Hotels,Canada,https://www.fourseasons.com/careers,Custom
Mandarin Oriental,Hong Kong,https://www.mandarinoriental.com/careers,Custom
Shangri-La Hotels,Hong Kong,https://www.shangri-la.com/careers,Custom
Best Western,USA,https://www.bestwestern.com/careers,Custom
Motel 6,USA,https://www.motel6.com/careers,Custom
Extended Stay America,USA,https://www.extendedstayamerica.com/careers,Custom
Carnival Corporation,USA,https://www.carnivalcorp.com/careers,Custom
Royal Caribbean Group,USA,https://www.rclcorporate.com/,Custom
Norwegian Cruise Line,USA,https://www.nclhltd.com/,Custom
American Airlines,USA,https://www.aa.com/careers,Custom
Delta Air Lines,USA,https://www.delta.com/careers,Custom
United Airlines,USA,https://www.united.com/careers,Custom
Southwest Airlines,USA,https://www.southwest.com/careers,Custom
JetBlue Airways,USA,https://www.jetblue.com/careers,Custom
Lufthansa Group,Germany,https://www.lufthansagroup.com/careers,Custom
Air France-KLM,France,https://www.airfranceklm.com/careers,Custom
British Airways,UK,https://www.britishairways.com/careers,Custom
Emirates Airline,UAE,https://www.emirates.com/careers,Custom
Qatar Airways,Qatar,https://www.qatarairways.com/careers,Custom
Etihad Airways,UAE,https://www.etihad.com/careers,Custom
Singapore Airlines,Singapore,https://www.singaporeair.com/careers,Custom
Cathay Pacific,Hong Kong,https://www.cathaypacific.com/careers,Custom
ANA Holdings,Japan,https://www.ana.co.jp/,Custom
Japan Airlines,Japan,https://www.jal.com/careers,Custom
Korean Air,South Korea,https://www.koreanair.com/careers,Custom
Qantas Airways,Australia,https://www.qantas.com/careers,Custom
Ryanair,Ireland,https://www.ryanair.com/,Custom
easyJet,UK,https://www.easyjet.com/,Custom
Turkish Airlines,Turkey,https://www.turkishairlines.com/careers,Custom
Etihad Rail,UAE,https://www.etihadrail.ae/,Custom
Embraer,Brazil,https://www.embraer.com/careers,Custom
Bombardier,Canada,https://www.bombardier.com/careers,Custom
CFM International,France,https://www.cfmaeroengines.com/careers,Custom
Pratt & Whitney,USA,https://www.prattwhitney.com/careers,Custom
Textron Aviation,USA,https://www.txtav.com/careers,Custom
Volvo Group,Sweden,https://www.volvogroup.com/en/career.html,Own Portal
Scania,Sweden,https://www.scania.com/group/en/home/careers.html,Own Portal
MAN Truck & Bus,Germany,https://www.man.eu/careers,Custom
Ashok Leyland,India,https://www.ashokleyland.com/careers,Own Portal
Force Motors,India,https://www.forcemotors.com/,Custom
SML Isuzu,India,https://www.smlisuzu.com/careers,Custom
VE Commercial Vehicles,India,https://www.vecv.in/careers,Custom
Samsung Semiconductor,India,https://sec.wd3.myworkdayjobs.com/Samsung_Careers,Own Portal
Continental Device India (CDIL),India,https://www.cdil.com/careers,Own Portal
SiCSem,India,https://www.sicsem.com/careers,Own Portal
3D Glass Solutions,India,https://www.3dgs.com/careers,Own Portal
ASIP Technologies,India,https://www.asiptechnologies.com,Own Portal
Bosch Global Software Technologies,India,https://www.bosch-softwaretechnologies.com/careers/,Own Portal
Mitsubishi Electric,India,https://in.mitsubishielectric.com/en/about/careers/,Own Portal
eInfochips,India,https://www.einfochips.com/careers,Custom
Quest Global,India,https://www.questglobal.com/careers/,Own Portal
Flex,India,https://flex.com/careers,Own Portal
Jabil,India,https://careers.jabil.com,Own Portal
Optiemus Electronics,India,https://www.optiemus.com/careers,Own Portal
AT&S India,India,https://ats.net/career/,Own Portal
TDK India,India,https://www.invensense.tdk.com/careers,Custom
Murata,India,https://www.murata.com/en-global/careers,Own Portal
Vishay,India,https://www.vishay.com/en/careers/,Own Portal
ROHM Semiconductor,India,https://www.rohm.com/career,Own Portal
Panasonic India,India,https://holdings.panasonic/global/corporate/recruit/,Own Portal
Xiaomi India,India,https://www.mi.com/global/about/careers/,Own Portal
TCL India,India,https://www.tcl.com/global/en/careers,Own Portal
CDOT,India,https://www.cdot.in/careers,Own Portal
ECIL,India,https://www.ecil.co.in/job,Own Portal
BDL,India,https://bdl-india.in/careers,Own Portal
MIDHANI,India,https://midhani-india.in/careers/,Own Portal
ITI Limited,India,https://www.itiltd.in/careers,Own Portal
SAMEER,India,https://sameer.gov.in/careers,Own Portal
NIELIT,India,https://www.nielit.gov.in/careers,Own Portal
RailTel,India,https://www.railtel.in/careers.html,Own Portal
Indian Railways,India,https://indianrailways.gov.in/,Own Portal
Prasar Bharati,India,https://prasarbharati.gov.in/careers/,Own Portal
Raptee.HV,India,https://raptee.com/careers,Own Portal
TVS Motor,India,https://www.tvsmotor.com/careers,Own Portal
Hero MotoCorp,India,https://www.heromotocorp.com/en-in/careers.html,Own Portal
Motherson,India,https://www.motherson.com/careers,Own Portal
Hyundai Mobis,India,https://www.mobis.co.in/careers,Own Portal
BMW Group India,India,https://www.bmwgroup.jobs/in/en.html,Own Portal
Volkswagen Group,India,https://www.volkswagen-group.com/en/careers-15939,Own Portal
Toyota Kirloskar,India,https://www.toyotabharat.com/careers/,Own Portal
Honda Cars India,India,https://www.hondacarindia.com/careers,Own Portal
Tata Advanced Systems,India,https://www.tataadvancedsystems.com/careers,Own Portal
ABB India,India,https://careers.abb,Own Portal
Johnson Controls India,India,https://jobs.johnsoncontrols.com,Own Portal
Phoenix Contact India,India,https://www.phoenixcontact.com/en-in/careers,Own Portal
Endress+Hauser India,India,https://www.endress.com/en/careers,Own Portal
Saankhya Labs,India,https://www.saankhyalabs.com/careers,Own Portal
InCore Semiconductors,India,https://incoresemi.com/careers,Own Portal
Signalchip,India,https://signalchip.com/careers,Own Portal
Netrasemi,India,https://www.netrasemi.com/careers,Own Portal
GlobalFoundries,India,https://www.gf.com/careers,Custom
Nordic Semiconductor,India,https://www.nordicsemi.com/About-us/Careers,Own Portal
Altera,India,https://www.altera.com/careers,Own Portal
Cirrus Logic,India,https://www.cirrus.com/careers,Own Portal
Alif Semiconductor,India,https://alifsemi.com/careers,Own Portal
Mavenir,India,https://www.mavenir.com/company/careers,Own Portal
BorgWarner,India,https://www.borgwarner.com/careers,Own Portal
Forvia,India,https://www.forvia.com/en/careers,Own Portal
Autoliv,India,https://www.autoliv.com/careers,Own Portal
Tektronix,India,https://www.tek.com/en/careers,Own Portal
Teradyne,India,https://www.teradyne.com/careers,Own Portal
Omron,India,https://www.omron.com/global/en/careers,Own Portal
Beckhoff,India,https://www.beckhoff.com/en-en/careers,Own Portal
Leonardo,India,https://www.leonardo.com/en/careers,Own Portal
Dassault Aviation,India,https://www.dassault-aviation.com/en/group/careers,Own Portal
GE Vernova,India,https://www.gevernova.com/careers,Own Portal
GE HealthCare,India,https://www.gehealthcare.com/careers,Own Portal
Medtronic,India,https://careers.medtronic.com,Own Portal
BD (Becton Dickinson),India,https://jobs.bd.com,Own Portal
Danaher,India,https://www.danaher.com/careers,Own Portal
SLB (Schlumberger),India,https://careers.slb.com,Own Portal
Baker Hughes,India,https://careers.bakerhughes.com,Own Portal
Halliburton,India,https://careers.halliburton.com,Own Portal
UMC (United Microelectronics),Taiwan,https://www.umc.com/careers,Custom
SK Hynix,South Korea,https://www.skhynix.com/careers,Custom
CG Semi,India,https://www.cgsemi.com/careers,Custom
SPEL Semiconductor,India,https://www.spelsemiconductor.com/careers,Custom
Polymatech Electronics,India,https://www.polymatech.co.in/,Custom
Silicon Precision Industries,Taiwan,https://www.spil.com.tw/careers,Custom
ASE Technology,Taiwan,https://www.aseglobal.com/,Custom
Amkor Technology,USA,https://www.amkor.com/careers,Custom
Powertech Technology,Taiwan,https://www.ptiglobal.com/careers,Custom
JCET Group,China,https://www.jcetglobal.com/careers,Custom
Vitesco Technologies,Germany,https://www.vitesco-technologies.com/careers,Custom
Preh Car Connect,Germany,https://www.preh.com/,Custom
Elektrobit,Germany,https://www.elektrobit.com/careers,Custom
Vector Informatik,Germany,https://www.vector.com/careers,Custom
dSPACE,Germany,https://www.dspace.com/,Custom
Impetus Technologies,India,https://www.impetus.com/careers,Custom
Yazaki India,Japan,https://www.yazaki-group.com/,Custom
Sumitomo Electric Wiring,Japan,https://www.sumitomoelectric.com/careers,Custom
Delphi Technologies,UK,https://www.delphi.com/careers,Custom
TE Connectivity,Switzerland,https://www.te.com/careers,Custom
Amphenol,USA,https://www.amphenol.com/careers,Custom
Molex,USA,https://www.molex.com/careers,Custom
JST Manufacturing,Japan,https://www.jst-mfg.com/,Custom
Yamaichi Electronics,Japan,https://www.yamaichi.co.jp/,Custom
Foxlink,Taiwan,https://www.foxlink.com.tw/careers,Custom
Advanced Micro Foundry,Singapore,https://www.amfoundry.sg/careers,Custom
Global Communication Semiconductors,USA,https://www.gcsincorp.com/,Custom
Bosch Sensortec,Germany,https://www.bosch-sensortec.com/careers,Custom
Espressif Systems,China,https://www.espressif.com/careers,Custom
Ambient IoT,USA,https://www.ambientiot.com/careers,Custom
IoTech Devices,India,https://www.iotechworld.com/careers,Custom
Signify Innovations,Netherlands,https://www.signify.com/careers,Custom
Surya Roshni,India,https://www.suryaroshni.com/,Custom
Halonix Technologies,India,https://www.halonix.in/careers,Custom
Syska LED,India,https://www.syska.co.in/,Custom
Legrand India,France,https://www.legrand.co.in/careers,Custom
Vertiv India,USA,https://www.vertiv.com/careers,Custom
Socomec India,France,https://www.socomec.com/careers,Custom
APC by Schneider,France,https://www.apc.com/careers,Custom
Barracuda Networks,USA,https://www.barracuda.com/careers,Custom
WatchGuard Technologies,USA,https://www.watchguard.com/careers,Custom
SonicWall,USA,https://www.sonicwall.com/careers,Custom
Forcepoint,USA,https://www.forcepoint.com/careers,Custom
Imperva,USA,https://www.imperva.com/careers,Custom
Group-IB,Singapore,https://www.group-ib.com/careers,Custom
Seqrite (Quick Heal),India,https://www.seqrite.com/,Custom
Lucideus (Safe Security),India,https://www.safe.security/,Custom
WhizHack Technologies,India,https://www.whizhack.com/,Custom
Paladion Networks,India,https://www.paladion.net/careers,Custom
Data Security Council of India,India,https://www.dsci.in/careers,Custom
CERT-In,India,https://www.cert-in.org.in/careers,Custom
NCIIPC,India,https://www.nciipc.gov.in/careers,Custom
National Cyber Security Coordinator,India,https://www.ncsc.gov.in/careers,Custom
IDBI Intech,India,https://www.idbiintech.com/,Custom
CMS Info Systems,India,https://www.cms.com/careers,Custom
AGS Transact Technologies,India,https://www.agstransact.com/careers,Custom
Diebold Nixdorf India,USA,https://www.dieboldnixdorf.com/careers,Custom
NCR Voyix,USA,https://www.ncrvoyix.com/careers,Custom
Hitachi Payment Services,Japan,https://www.hitachipaymentservices.com/careers,Custom
BTI Payments,India,https://www.btipl.com/,Custom
Euronet Worldwide India,USA,https://www.euronetworldwide.com/,Custom
Wibmo (PayU),India,https://www.wibmo.com/careers,Custom
Naffa Innovations,India,https://www.naffainnovations.com/careers,Custom
Amazon Pay India,USA,https://www.pay.amazon.in/careers,Custom
Visa Worldwide India,USA,https://www.visa.co.in/,Custom
Mastercard India,USA,https://www.mastercard.co.in/careers,Custom
RuPay NPCI,India,https://www.rupay.co.in/careers,Custom
American Express India,USA,https://www.americanexpress.co.in/,Custom
Diners Club India,USA,https://www.dinersclub.com/,Custom
JCB International India,Japan,https://www.global.jcb/,Custom
Discover Global Network,USA,https://www.discoverglobalnetwork.com/,Custom
UnionPay International,China,https://www.unionpayintl.com/,Custom
SWIFT India,Belgium,https://www.swift.com/careers,Custom
Ripple Labs India,USA,https://www.ripple.com/careers,Custom
Stellar Development,USA,https://www.stellar.org/careers,Custom
R3 Corda,UK,https://www.r3.com/careers,Custom
Hedera Hashgraph,USA,https://www.hedera.com/careers,Custom
Avalanche Ava Labs,USA,https://www.avalabs.org/careers,Custom
Solana Labs,USA,https://www.solana.com/careers,Custom
Near Protocol,Switzerland,https://www.near.org/careers,Custom
Cardano IOHK,Hong Kong,https://www.iohk.io/careers,Custom